-- MySQL dump 10.13  Distrib 9.2.0, for macos15.2 (arm64)
--
-- Host: localhost    Database: college_course_db
-- ------------------------------------------------------
-- Server version	9.2.0

/*!40101 SET @OLD_CHARACTER_SET_CLIENT=@@CHARACTER_SET_CLIENT */;
/*!40101 SET @OLD_CHARACTER_SET_RESULTS=@@CHARACTER_SET_RESULTS */;
/*!40101 SET @OLD_COLLATION_CONNECTION=@@COLLATION_CONNECTION */;
/*!50503 SET NAMES utf8mb4 */;
/*!40103 SET @OLD_TIME_ZONE=@@TIME_ZONE */;
/*!40103 SET TIME_ZONE='+00:00' */;
/*!40014 SET @OLD_UNIQUE_CHECKS=@@UNIQUE_CHECKS, UNIQUE_CHECKS=0 */;
/*!40014 SET @OLD_FOREIGN_KEY_CHECKS=@@FOREIGN_KEY_CHECKS, FOREIGN_KEY_CHECKS=0 */;
/*!40101 SET @OLD_SQL_MODE=@@SQL_MODE, SQL_MODE='NO_AUTO_VALUE_ON_ZERO' */;
/*!40111 SET @OLD_SQL_NOTES=@@SQL_NOTES, SQL_NOTES=0 */;

--
-- Table structure for table `auth_group`
--

DROP TABLE IF EXISTS `auth_group`;
/*!40101 SET @saved_cs_client     = @@character_set_client */;
/*!50503 SET character_set_client = utf8mb4 */;
CREATE TABLE `auth_group` (
  `id` int NOT NULL AUTO_INCREMENT,
  `name` varchar(150) CHARACTER SET utf8mb4 COLLATE utf8mb4_unicode_ci NOT NULL,
  PRIMARY KEY (`id`),
  UNIQUE KEY `name` (`name`)
) ENGINE=InnoDB DEFAULT CHARSET=utf8mb4 COLLATE=utf8mb4_unicode_ci;
/*!40101 SET character_set_client = @saved_cs_client */;

--
-- Dumping data for table `auth_group`
--

LOCK TABLES `auth_group` WRITE;
/*!40000 ALTER TABLE `auth_group` DISABLE KEYS */;
/*!40000 ALTER TABLE `auth_group` ENABLE KEYS */;
UNLOCK TABLES;

--
-- Table structure for table `auth_group_permissions`
--

DROP TABLE IF EXISTS `auth_group_permissions`;
/*!40101 SET @saved_cs_client     = @@character_set_client */;
/*!50503 SET character_set_client = utf8mb4 */;
CREATE TABLE `auth_group_permissions` (
  `id` bigint NOT NULL AUTO_INCREMENT,
  `group_id` int NOT NULL,
  `permission_id` int NOT NULL,
  PRIMARY KEY (`id`),
  UNIQUE KEY `auth_group_permissions_group_id_permission_id_0cd325b0_uniq` (`group_id`,`permission_id`),
  KEY `auth_group_permissio_permission_id_84c5c92e_fk_auth_perm` (`permission_id`),
  CONSTRAINT `auth_group_permissio_permission_id_84c5c92e_fk_auth_perm` FOREIGN KEY (`permission_id`) REFERENCES `auth_permission` (`id`),
  CONSTRAINT `auth_group_permissions_group_id_b120cbf9_fk_auth_group_id` FOREIGN KEY (`group_id`) REFERENCES `auth_group` (`id`)
) ENGINE=InnoDB DEFAULT CHARSET=utf8mb4 COLLATE=utf8mb4_unicode_ci;
/*!40101 SET character_set_client = @saved_cs_client */;

--
-- Dumping data for table `auth_group_permissions`
--

LOCK TABLES `auth_group_permissions` WRITE;
/*!40000 ALTER TABLE `auth_group_permissions` DISABLE KEYS */;
/*!40000 ALTER TABLE `auth_group_permissions` ENABLE KEYS */;
UNLOCK TABLES;

--
-- Table structure for table `auth_permission`
--

DROP TABLE IF EXISTS `auth_permission`;
/*!40101 SET @saved_cs_client     = @@character_set_client */;
/*!50503 SET character_set_client = utf8mb4 */;
CREATE TABLE `auth_permission` (
  `id` int NOT NULL AUTO_INCREMENT,
  `name` varchar(255) CHARACTER SET utf8mb4 COLLATE utf8mb4_unicode_ci NOT NULL,
  `content_type_id` int NOT NULL,
  `codename` varchar(100) CHARACTER SET utf8mb4 COLLATE utf8mb4_unicode_ci NOT NULL,
  PRIMARY KEY (`id`),
  UNIQUE KEY `auth_permission_content_type_id_codename_01ab375a_uniq` (`content_type_id`,`codename`),
  CONSTRAINT `auth_permission_content_type_id_2f476e4b_fk_django_co` FOREIGN KEY (`content_type_id`) REFERENCES `django_content_type` (`id`)
) ENGINE=InnoDB AUTO_INCREMENT=197 DEFAULT CHARSET=utf8mb4 COLLATE=utf8mb4_unicode_ci;
/*!40101 SET character_set_client = @saved_cs_client */;

--
-- Dumping data for table `auth_permission`
--

LOCK TABLES `auth_permission` WRITE;
/*!40000 ALTER TABLE `auth_permission` DISABLE KEYS */;
INSERT INTO `auth_permission` VALUES (1,'Can add category',1,'add_category'),(2,'Can change category',1,'change_category'),(3,'Can delete category',1,'delete_category'),(4,'Can view category',1,'view_category'),(5,'Can add course',2,'add_course'),(6,'Can change course',2,'change_course'),(7,'Can delete course',2,'delete_course'),(8,'Can view course',2,'view_course'),(9,'Can add course offering',3,'add_courseoffering'),(10,'Can change course offering',3,'change_courseoffering'),(11,'Can delete course offering',3,'delete_courseoffering'),(12,'Can view course offering',3,'view_courseoffering'),(13,'Can add course schedule',4,'add_courseschedule'),(14,'Can change course schedule',4,'change_courseschedule'),(15,'Can delete course schedule',4,'delete_courseschedule'),(16,'Can view course schedule',4,'view_courseschedule'),(17,'Can add department',5,'add_department'),(18,'Can change department',5,'change_department'),(19,'Can delete department',5,'delete_department'),(20,'Can view department',5,'view_department'),(21,'Can add graduation requirement',6,'add_graduationrequirement'),(22,'Can change graduation requirement',6,'change_graduationrequirement'),(23,'Can delete graduation requirement',6,'delete_graduationrequirement'),(24,'Can view graduation requirement',6,'view_graduationrequirement'),(25,'Can add semester',7,'add_semester'),(26,'Can change semester',7,'change_semester'),(27,'Can delete semester',7,'delete_semester'),(28,'Can view semester',7,'view_semester'),(29,'Can add student',8,'add_student'),(30,'Can change student',8,'change_student'),(31,'Can delete student',8,'delete_student'),(32,'Can view student',8,'view_student'),(33,'Can add time table',9,'add_timetable'),(34,'Can change time table',9,'change_timetable'),(35,'Can delete time table',9,'delete_timetable'),(36,'Can view time table',9,'view_timetable'),(37,'Can add time table detail',10,'add_timetabledetail'),(38,'Can change time table detail',10,'change_timetabledetail'),(39,'Can delete time table detail',10,'delete_timetabledetail'),(40,'Can view time table detail',10,'view_timetabledetail'),(41,'Can add transcript',11,'add_transcript'),(42,'Can change transcript',11,'change_transcript'),(43,'Can delete transcript',11,'delete_transcript'),(44,'Can view transcript',11,'view_transcript'),(45,'Can add log entry',12,'add_logentry'),(46,'Can change log entry',12,'change_logentry'),(47,'Can delete log entry',12,'delete_logentry'),(48,'Can view log entry',12,'view_logentry'),(49,'Can add permission',13,'add_permission'),(50,'Can change permission',13,'change_permission'),(51,'Can delete permission',13,'delete_permission'),(52,'Can view permission',13,'view_permission'),(53,'Can add group',14,'add_group'),(54,'Can change group',14,'change_group'),(55,'Can delete group',14,'delete_group'),(56,'Can view group',14,'view_group'),(57,'Can add user',15,'add_user'),(58,'Can change user',15,'change_user'),(59,'Can delete user',15,'delete_user'),(60,'Can view user',15,'view_user'),(61,'Can add content type',16,'add_contenttype'),(62,'Can change content type',16,'change_contenttype'),(63,'Can delete content type',16,'delete_contenttype'),(64,'Can view content type',16,'view_contenttype'),(65,'Can add session',17,'add_session'),(66,'Can change session',17,'change_session'),(67,'Can delete session',17,'delete_session'),(68,'Can view session',17,'view_session'),(69,'Can add category',18,'add_category'),(70,'Can change category',18,'change_category'),(71,'Can delete category',18,'delete_category'),(72,'Can view category',18,'view_category'),(73,'Can add course',19,'add_course'),(74,'Can change course',19,'change_course'),(75,'Can delete course',19,'delete_course'),(76,'Can view course',19,'view_course'),(77,'Can add course offering',20,'add_courseoffering'),(78,'Can change course offering',20,'change_courseoffering'),(79,'Can delete course offering',20,'delete_courseoffering'),(80,'Can view course offering',20,'view_courseoffering'),(81,'Can add course schedule',21,'add_courseschedule'),(82,'Can change course schedule',21,'change_courseschedule'),(83,'Can delete course schedule',21,'delete_courseschedule'),(84,'Can view course schedule',21,'view_courseschedule'),(85,'Can add department',22,'add_department'),(86,'Can change department',22,'change_department'),(87,'Can delete department',22,'delete_department'),(88,'Can view department',22,'view_department'),(89,'Can add graduation requirement',23,'add_graduationrequirement'),(90,'Can change graduation requirement',23,'change_graduationrequirement'),(91,'Can delete graduation requirement',23,'delete_graduationrequirement'),(92,'Can view graduation requirement',23,'view_graduationrequirement'),(93,'Can add semester',24,'add_semester'),(94,'Can change semester',24,'change_semester'),(95,'Can delete semester',24,'delete_semester'),(96,'Can view semester',24,'view_semester'),(97,'Can add student',25,'add_student'),(98,'Can change student',25,'change_student'),(99,'Can delete student',25,'delete_student'),(100,'Can view student',25,'view_student'),(101,'Can add time table',26,'add_timetable'),(102,'Can change time table',26,'change_timetable'),(103,'Can delete time table',26,'delete_timetable'),(104,'Can view time table',26,'view_timetable'),(105,'Can add time table detail',27,'add_timetabledetail'),(106,'Can change time table detail',27,'change_timetabledetail'),(107,'Can delete time table detail',27,'delete_timetabledetail'),(108,'Can view time table detail',27,'view_timetabledetail'),(109,'Can add transcript',28,'add_transcript'),(110,'Can change transcript',28,'change_transcript'),(111,'Can delete transcript',28,'delete_transcript'),(112,'Can view transcript',28,'view_transcript'),(113,'Can add auth group',29,'add_authgroup'),(114,'Can change auth group',29,'change_authgroup'),(115,'Can delete auth group',29,'delete_authgroup'),(116,'Can view auth group',29,'view_authgroup'),(117,'Can add auth group permissions',30,'add_authgrouppermissions'),(118,'Can change auth group permissions',30,'change_authgrouppermissions'),(119,'Can delete auth group permissions',30,'delete_authgrouppermissions'),(120,'Can view auth group permissions',30,'view_authgrouppermissions'),(121,'Can add auth permission',31,'add_authpermission'),(122,'Can change auth permission',31,'change_authpermission'),(123,'Can delete auth permission',31,'delete_authpermission'),(124,'Can view auth permission',31,'view_authpermission'),(125,'Can add auth user',32,'add_authuser'),(126,'Can change auth user',32,'change_authuser'),(127,'Can delete auth user',32,'delete_authuser'),(128,'Can view auth user',32,'view_authuser'),(129,'Can add auth user groups',33,'add_authusergroups'),(130,'Can change auth user groups',33,'change_authusergroups'),(131,'Can delete auth user groups',33,'delete_authusergroups'),(132,'Can view auth user groups',33,'view_authusergroups'),(133,'Can add auth user user permissions',34,'add_authuseruserpermissions'),(134,'Can change auth user user permissions',34,'change_authuseruserpermissions'),(135,'Can delete auth user user permissions',34,'delete_authuseruserpermissions'),(136,'Can view auth user user permissions',34,'view_authuseruserpermissions'),(137,'Can add category',35,'add_category'),(138,'Can change category',35,'change_category'),(139,'Can delete category',35,'delete_category'),(140,'Can view category',35,'view_category'),(141,'Can add course',36,'add_course'),(142,'Can change course',36,'change_course'),(143,'Can delete course',36,'delete_course'),(144,'Can view course',36,'view_course'),(145,'Can add course schedule',37,'add_courseschedule'),(146,'Can change course schedule',37,'change_courseschedule'),(147,'Can delete course schedule',37,'delete_courseschedule'),(148,'Can view course schedule',37,'view_courseschedule'),(149,'Can add department',38,'add_department'),(150,'Can change department',38,'change_department'),(151,'Can delete department',38,'delete_department'),(152,'Can view department',38,'view_department'),(153,'Can add django admin log',39,'add_djangoadminlog'),(154,'Can change django admin log',39,'change_djangoadminlog'),(155,'Can delete django admin log',39,'delete_djangoadminlog'),(156,'Can view django admin log',39,'view_djangoadminlog'),(157,'Can add django content type',40,'add_djangocontenttype'),(158,'Can change django content type',40,'change_djangocontenttype'),(159,'Can delete django content type',40,'delete_djangocontenttype'),(160,'Can view django content type',40,'view_djangocontenttype'),(161,'Can add django migrations',41,'add_djangomigrations'),(162,'Can change django migrations',41,'change_djangomigrations'),(163,'Can delete django migrations',41,'delete_djangomigrations'),(164,'Can view django migrations',41,'view_djangomigrations'),(165,'Can add django session',42,'add_djangosession'),(166,'Can change django session',42,'change_djangosession'),(167,'Can delete django session',42,'delete_djangosession'),(168,'Can view django session',42,'view_djangosession'),(169,'Can add graduation requirement',43,'add_graduationrequirement'),(170,'Can change graduation requirement',43,'change_graduationrequirement'),(171,'Can delete graduation requirement',43,'delete_graduationrequirement'),(172,'Can view graduation requirement',43,'view_graduationrequirement'),(173,'Can add semester',44,'add_semester'),(174,'Can change semester',44,'change_semester'),(175,'Can delete semester',44,'delete_semester'),(176,'Can view semester',44,'view_semester'),(177,'Can add student',45,'add_student'),(178,'Can change student',45,'change_student'),(179,'Can delete student',45,'delete_student'),(180,'Can view student',45,'view_student'),(181,'Can add time table',46,'add_timetable'),(182,'Can change time table',46,'change_timetable'),(183,'Can delete time table',46,'delete_timetable'),(184,'Can view time table',46,'view_timetable'),(185,'Can add time table detail',47,'add_timetabledetail'),(186,'Can change time table detail',47,'change_timetabledetail'),(187,'Can delete time table detail',47,'delete_timetabledetail'),(188,'Can view time table detail',47,'view_timetabledetail'),(189,'Can add transcript',48,'add_transcript'),(190,'Can change transcript',48,'change_transcript'),(191,'Can delete transcript',48,'delete_transcript'),(192,'Can view transcript',48,'view_transcript'),(193,'Can add graduation record',49,'add_graduationrecord'),(194,'Can change graduation record',49,'change_graduationrecord'),(195,'Can delete graduation record',49,'delete_graduationrecord'),(196,'Can view graduation record',49,'view_graduationrecord');
/*!40000 ALTER TABLE `auth_permission` ENABLE KEYS */;
UNLOCK TABLES;

--
-- Table structure for table `auth_user`
--

DROP TABLE IF EXISTS `auth_user`;
/*!40101 SET @saved_cs_client     = @@character_set_client */;
/*!50503 SET character_set_client = utf8mb4 */;
CREATE TABLE `auth_user` (
  `id` int NOT NULL AUTO_INCREMENT,
  `password` varchar(128) CHARACTER SET utf8mb4 COLLATE utf8mb4_unicode_ci NOT NULL,
  `last_login` datetime(6) DEFAULT NULL,
  `is_superuser` tinyint(1) NOT NULL,
  `username` varchar(150) CHARACTER SET utf8mb4 COLLATE utf8mb4_unicode_ci NOT NULL,
  `first_name` varchar(150) CHARACTER SET utf8mb4 COLLATE utf8mb4_unicode_ci NOT NULL,
  `last_name` varchar(150) CHARACTER SET utf8mb4 COLLATE utf8mb4_unicode_ci NOT NULL,
  `email` varchar(254) CHARACTER SET utf8mb4 COLLATE utf8mb4_unicode_ci NOT NULL,
  `is_staff` tinyint(1) NOT NULL,
  `is_active` tinyint(1) NOT NULL,
  `date_joined` datetime(6) NOT NULL,
  PRIMARY KEY (`id`),
  UNIQUE KEY `username` (`username`)
) ENGINE=InnoDB AUTO_INCREMENT=2 DEFAULT CHARSET=utf8mb4 COLLATE=utf8mb4_unicode_ci;
/*!40101 SET character_set_client = @saved_cs_client */;

--
-- Dumping data for table `auth_user`
--

LOCK TABLES `auth_user` WRITE;
/*!40000 ALTER TABLE `auth_user` DISABLE KEYS */;
INSERT INTO `auth_user` VALUES (1,'pbkdf2_sha256$870000$COEWwnAtVdW79dNQVfghs7$BUwQ4lZRjyUQf9qAvIcH1E47NWTztiSctfpRHfkGo7o=','2025-02-25 16:59:42.196543',1,'admin','','','byong1121@naver.com',1,1,'2025-02-25 16:59:30.108070');
/*!40000 ALTER TABLE `auth_user` ENABLE KEYS */;
UNLOCK TABLES;

--
-- Table structure for table `auth_user_groups`
--

DROP TABLE IF EXISTS `auth_user_groups`;
/*!40101 SET @saved_cs_client     = @@character_set_client */;
/*!50503 SET character_set_client = utf8mb4 */;
CREATE TABLE `auth_user_groups` (
  `id` bigint NOT NULL AUTO_INCREMENT,
  `user_id` int NOT NULL,
  `group_id` int NOT NULL,
  PRIMARY KEY (`id`),
  UNIQUE KEY `auth_user_groups_user_id_group_id_94350c0c_uniq` (`user_id`,`group_id`),
  KEY `auth_user_groups_group_id_97559544_fk_auth_group_id` (`group_id`),
  CONSTRAINT `auth_user_groups_group_id_97559544_fk_auth_group_id` FOREIGN KEY (`group_id`) REFERENCES `auth_group` (`id`),
  CONSTRAINT `auth_user_groups_user_id_6a12ed8b_fk_auth_user_id` FOREIGN KEY (`user_id`) REFERENCES `auth_user` (`id`)
) ENGINE=InnoDB DEFAULT CHARSET=utf8mb4 COLLATE=utf8mb4_unicode_ci;
/*!40101 SET character_set_client = @saved_cs_client */;

--
-- Dumping data for table `auth_user_groups`
--

LOCK TABLES `auth_user_groups` WRITE;
/*!40000 ALTER TABLE `auth_user_groups` DISABLE KEYS */;
/*!40000 ALTER TABLE `auth_user_groups` ENABLE KEYS */;
UNLOCK TABLES;

--
-- Table structure for table `auth_user_user_permissions`
--

DROP TABLE IF EXISTS `auth_user_user_permissions`;
/*!40101 SET @saved_cs_client     = @@character_set_client */;
/*!50503 SET character_set_client = utf8mb4 */;
CREATE TABLE `auth_user_user_permissions` (
  `id` bigint NOT NULL AUTO_INCREMENT,
  `user_id` int NOT NULL,
  `permission_id` int NOT NULL,
  PRIMARY KEY (`id`),
  UNIQUE KEY `auth_user_user_permissions_user_id_permission_id_14a6b632_uniq` (`user_id`,`permission_id`),
  KEY `auth_user_user_permi_permission_id_1fbb5f2c_fk_auth_perm` (`permission_id`),
  CONSTRAINT `auth_user_user_permi_permission_id_1fbb5f2c_fk_auth_perm` FOREIGN KEY (`permission_id`) REFERENCES `auth_permission` (`id`),
  CONSTRAINT `auth_user_user_permissions_user_id_a95ead1b_fk_auth_user_id` FOREIGN KEY (`user_id`) REFERENCES `auth_user` (`id`)
) ENGINE=InnoDB DEFAULT CHARSET=utf8mb4 COLLATE=utf8mb4_unicode_ci;
/*!40101 SET character_set_client = @saved_cs_client */;

--
-- Dumping data for table `auth_user_user_permissions`
--

LOCK TABLES `auth_user_user_permissions` WRITE;
/*!40000 ALTER TABLE `auth_user_user_permissions` DISABLE KEYS */;
/*!40000 ALTER TABLE `auth_user_user_permissions` ENABLE KEYS */;
UNLOCK TABLES;

--
-- Table structure for table `category`
--

DROP TABLE IF EXISTS `category`;
/*!40101 SET @saved_cs_client     = @@character_set_client */;
/*!50503 SET character_set_client = utf8mb4 */;
CREATE TABLE `category` (
  `category_id` int NOT NULL AUTO_INCREMENT,
  `parent_category_id` int DEFAULT NULL,
  `category_name` varchar(255) CHARACTER SET utf8mb4 COLLATE utf8mb4_unicode_ci NOT NULL,
  `category_type` varchar(255) CHARACTER SET utf8mb4 COLLATE utf8mb4_unicode_ci NOT NULL,
  `description` text CHARACTER SET utf8mb4 COLLATE utf8mb4_unicode_ci,
  PRIMARY KEY (`category_id`),
  KEY `parent_category_id` (`parent_category_id`),
  CONSTRAINT `category_ibfk_1` FOREIGN KEY (`parent_category_id`) REFERENCES `category` (`category_id`) ON DELETE SET NULL
) ENGINE=InnoDB AUTO_INCREMENT=27 DEFAULT CHARSET=utf8mb4 COLLATE=utf8mb4_unicode_ci;
/*!40101 SET character_set_client = @saved_cs_client */;

--
-- Dumping data for table `category`
--

LOCK TABLES `category` WRITE;
/*!40000 ALTER TABLE `category` DISABLE KEYS */;
INSERT INTO `category` VALUES (1,NULL,'전공','전공','충북대학교 전공 과목'),(2,NULL,'교양','교양','충북대학교 교양 과목'),(3,NULL,'일반선택','일반선택','충북대학교 일반선택 과목'),(4,NULL,'교직','교직','충북대학교 교직 관련 과목'),(5,1,'전공필수','전공','전공 필수 과목'),(6,1,'전공선택','전공','전공 선택 과목'),(7,2,'개신기초교양','교양','개신기초교양 과목'),(8,7,'인성과비판적사고','교양','인성과 비판적 사고 과목'),(9,7,'의사소통','교양','의사소통 과목'),(10,7,'영어','교양','영어 과목'),(11,7,'정보문해','교양','정보문해 과목'),(12,2,'일반교양','교양','일반교양 과목'),(13,12,'인간과문화','교양','인간과 문화 과목'),(14,12,'사회와역사','교양','사회와 역사 과목'),(15,12,'자연과과학','교양','자연과 과학 과목'),(16,2,'자연이공계기초과학','교양','자연이공계기초과학 과목'),(17,2,'확대교양','교양','확대교양 과목'),(18,17,'미래융복합','교양','미래융복합 과목'),(19,17,'국제화','교양','국제화 과목'),(20,17,'진로와취업','교양','진로와 취업 과목'),(21,17,'예술과체육','교양','예술과 체육 과목'),(22,16,'수학','교양','수학 과목'),(23,16,'기초과학','교양','기초과학 과목'),(24,2,'OCU','교양','OCU 과목'),(26,17,'국제화(외국인)','교양','국제화(외국인 전용)과목');
/*!40000 ALTER TABLE `category` ENABLE KEYS */;
UNLOCK TABLES;

--
-- Table structure for table `course`
--

DROP TABLE IF EXISTS `course`;
/*!40101 SET @saved_cs_client     = @@character_set_client */;
/*!50503 SET character_set_client = utf8mb4 */;
CREATE TABLE `course` (
  `course_id` int NOT NULL AUTO_INCREMENT,
  `course_code` varchar(20) CHARACTER SET utf8mb4 COLLATE utf8mb4_unicode_ci NOT NULL,
  `section` varchar(5) CHARACTER SET utf8mb4 COLLATE utf8mb4_unicode_ci NOT NULL,
  `dept_id` int NOT NULL,
  `category_id` int NOT NULL,
  `year` varchar(20) CHARACTER SET utf8mb4 COLLATE utf8mb4_unicode_ci NOT NULL,
  `course_type` varchar(50) CHARACTER SET utf8mb4 COLLATE utf8mb4_unicode_ci NOT NULL,
  `course_name` varchar(255) CHARACTER SET utf8mb4 COLLATE utf8mb4_unicode_ci NOT NULL,
  `credit` int NOT NULL,
  `class_type` varchar(50) CHARACTER SET utf8mb4 COLLATE utf8mb4_unicode_ci NOT NULL,
  `grade_type` varchar(50) CHARACTER SET utf8mb4 COLLATE utf8mb4_unicode_ci NOT NULL,
  `foreign_course` varchar(50) CHARACTER SET utf8mb4 COLLATE utf8mb4_unicode_ci DEFAULT NULL,
  `instructor` varchar(255) CHARACTER SET utf8mb4 COLLATE utf8mb4_unicode_ci NOT NULL,
  `lecture_hours` decimal(4,1) NOT NULL,
  `lecture_units` decimal(4,1) NOT NULL,
  `lab_hours` decimal(4,1) NOT NULL,
  `lab_units` decimal(4,1) NOT NULL,
  `semester_id` int DEFAULT NULL,
  `pre_enrollment_count` int NOT NULL DEFAULT '0',
  `capacity` int NOT NULL DEFAULT '0',
  `enrolled_count` int NOT NULL DEFAULT '0',
  PRIMARY KEY (`course_id`),
  KEY `dept_id` (`dept_id`),
  KEY `category_id` (`category_id`),
  KEY `fk_course_semester` (`semester_id`),
  CONSTRAINT `course_ibfk_1` FOREIGN KEY (`dept_id`) REFERENCES `department` (`dept_id`) ON DELETE CASCADE ON UPDATE CASCADE,
  CONSTRAINT `course_ibfk_2` FOREIGN KEY (`category_id`) REFERENCES `category` (`category_id`) ON DELETE CASCADE ON UPDATE CASCADE,
  CONSTRAINT `fk_course_semester` FOREIGN KEY (`semester_id`) REFERENCES `semester` (`semester_id`) ON DELETE CASCADE ON UPDATE CASCADE
) ENGINE=InnoDB AUTO_INCREMENT=19637 DEFAULT CHARSET=utf8mb4 COLLATE=utf8mb4_unicode_ci;
/*!40101 SET character_set_client = @saved_cs_client */;

--
-- Dumping data for table `course`
--

LOCK TABLES `course` WRITE;
/*!40000 ALTER TABLE `course` DISABLE KEYS */;
INSERT INTO `course` VALUES (18578,'5122001','01',6,5,'2학년','전공필수','회로이론Ⅰ',3,'일반','Grade','','김영석',3.0,3.0,0.0,0.0,21,23,35,41),(18579,'5122001','03',6,5,'2학년','전공필수','회로이론Ⅰ',3,'일반','Grade','','전현탁',3.0,3.0,0.0,0.0,21,51,35,44),(18580,'5122002','01',6,5,'2학년','전공필수','디지털공학',3,'일반','Grade','','최호용',3.0,3.0,0.0,0.0,21,0,35,17),(18581,'5122002','02',6,5,'2학년','전공필수','디지털공학',3,'일반','Grade','','백돈규',3.0,3.0,0.0,0.0,21,53,35,35),(18582,'5122002','03',6,5,'2학년','전공필수','디지털공학',3,'일반','Grade','','김수창',3.0,3.0,0.0,0.0,21,17,35,33),(18583,'5122003','01',6,5,'2학년','전공필수','물리전자',3,'일반','Grade','','강문희',3.0,3.0,0.0,0.0,21,52,35,36),(18584,'5122003','02',6,5,'2학년','전공필수','물리전자',3,'일반','Grade','','권정현',3.0,3.0,0.0,0.0,21,7,35,15),(18585,'5122003','03',6,5,'2학년','전공필수','물리전자',3,'일반','Grade','','이상진',3.0,3.0,0.0,0.0,21,20,35,35),(18586,'5122004','01',6,5,'2학년','전공필수','전자기학',3,'일반','Grade','','강문희',3.0,3.0,0.0,0.0,21,49,50,50),(18587,'5122004','02',6,5,'2학년','전공필수','전자기학',3,'일반','Grade','','이상진',3.0,3.0,0.0,0.0,21,22,50,32),(18588,'5122005','01',6,5,'2학년','전공필수','공학수학',3,'일반','Grade','','박정주',3.0,3.0,0.0,0.0,21,42,40,43),(18589,'5122005','02',6,5,'2학년','전공필수','공학수학',3,'일반','Grade','','박정주',3.0,3.0,0.0,0.0,21,33,50,45),(18590,'5122006','01',6,6,'2학년','전공선택','고급컴퓨터프로그래밍',3,'일반','Grade','','백돈규',2.0,2.0,2.0,1.0,21,22,35,40),(18591,'5122006','02',6,6,'2학년','전공선택','고급컴퓨터프로그래밍',3,'일반','Grade','','김수창',2.0,2.0,2.0,1.0,21,47,35,39),(18592,'5122014','01',6,5,'3학년','전공필수','전자회로실험',2,'일반','Grade','','양병도',0.0,0.0,4.0,2.0,21,8,20,20),(18593,'5122014','02',6,5,'3학년','전공필수','전자회로실험',2,'일반','Grade','','양병도',0.0,0.0,4.0,2.0,21,3,20,6),(18594,'5122014','03',6,5,'3학년','전공필수','전자회로실험',2,'일반','Grade','','전현탁',0.0,0.0,4.0,2.0,21,34,20,20),(18595,'5122014','04',6,5,'3학년','전공필수','전자회로실험',2,'일반','Grade','','전현탁',0.0,0.0,4.0,2.0,21,16,20,20),(18596,'5122015','01',6,6,'3학년','전공선택','전자회로Ⅱ',3,'일반','Grade','','양병도',3.0,3.0,0.0,0.0,21,17,35,27),(18597,'5122015','02',6,6,'3학년','전공선택','전자회로Ⅱ',3,'일반','Grade','','전현탁',3.0,3.0,0.0,0.0,21,47,35,35),(18598,'5122016','01',6,6,'3학년','전공선택','컴퓨터구조',3,'일반','Grade','','백돈규',3.0,3.0,0.0,0.0,21,8,35,33),(18599,'5122016','02',6,6,'3학년','전공선택','컴퓨터구조',3,'일반','Grade','','김수창',3.0,3.0,0.0,0.0,21,50,35,35),(18600,'5122017','01',6,6,'3학년','전공선택','시스템반도체소자',3,'일반','Grade','','박준영',3.0,3.0,0.0,0.0,21,66,45,52),(18601,'5122018','01',6,6,'3학년','전공선택','신호및시스템',3,'일반','Grade','','전현탁',3.0,3.0,0.0,0.0,21,49,35,35),(18602,'5122018','02',6,6,'3학년','전공선택','신호및시스템',3,'일반','Grade','','노정훈',3.0,3.0,0.0,0.0,21,11,35,28),(18603,'5122019','01',6,6,'3학년','전공선택','마이크로프로세서',3,'일반','Grade','','노정훈',2.0,2.0,2.0,1.0,21,37,35,42),(18604,'5122026','01',6,5,'4학년','전공필수','종합설계Ⅱ',2,'일반','Grade','','양병도',0.0,0.0,4.0,2.0,21,12,40,11),(18605,'5122026','02',6,5,'4학년','전공필수','종합설계Ⅱ',2,'일반','Grade','','강문희',0.0,0.0,4.0,2.0,21,22,35,28),(18606,'5122026','03',6,5,'4학년','전공필수','종합설계Ⅱ',2,'일반','Grade','','백돈규',0.0,0.0,4.0,2.0,21,12,40,13),(18607,'5122029','01',6,6,'4학년','전공선택','임베디드시스템',3,'일반','Grade','','노정훈',3.0,3.0,0.0,0.0,21,17,35,15),(18608,'5122030','01',6,6,'4학년','전공선택','반도체종합공정',3,'일반','Grade','','박준영',3.0,3.0,0.0,0.0,21,55,45,44),(18609,'5122031','01',6,6,'4학년','전공선택','디스플레이공학',3,'일반','Grade','','권정현',3.0,3.0,0.0,0.0,21,47,45,45),(18610,'5100012','03',6,6,'4학년','전공선택','창업산학초청세미나Ⅰ',1,'일반','PassFail','','박준영',0.0,0.0,2.0,1.0,21,25,200,38),(18611,'5115002','01',11,5,'1학년','전공필수','미래설계탐색',1,'일반','Grade','','황영배',0.0,0.0,2.0,1.0,21,4,30,43),(18612,'5115005','01',11,5,'2학년','전공필수','디지털공학',3,'일반','Grade','','박찬식',3.0,3.0,0.0,0.0,21,38,30,38),(18613,'5115006','01',11,5,'2학년','전공필수','전기회로',3,'일반','Grade','','김진훈',3.0,3.0,0.0,0.0,21,41,30,41),(18614,'5115007','01',11,5,'2학년','전공필수','기초회로실험',2,'일반','Grade','','김진훈',0.0,0.0,4.0,2.0,21,24,20,20),(18615,'5115007','02',11,5,'2학년','전공필수','기초회로실험',2,'일반','Grade','','문성태',0.0,0.0,4.0,2.0,21,15,20,20),(18616,'5115010','01',11,6,'2학년','전공선택','공학수학',3,'일반','Grade','','박찬식',3.0,3.0,0.0,0.0,21,39,30,40),(18617,'5115011','01',11,6,'2학년','전공선택','객체지향프로그래밍',3,'일반','Grade','','김곤우',2.0,2.0,2.0,1.0,21,33,20,24),(18618,'5115011','02',11,6,'2학년','전공선택','객체지향프로그래밍',3,'일반','Grade','','김곤우',2.0,2.0,2.0,1.0,21,9,20,26),(18619,'5115012','01',11,6,'2학년','전공선택','전자기학',3,'일반','Grade','','전명근',3.0,3.0,0.0,0.0,21,38,30,39),(18620,'5115052','01',11,6,'2학년','전공선택','기구동역학개론',3,'일반','Grade','','이재풍',3.0,3.0,0.0,0.0,21,36,30,38),(18621,'5115014','01',11,5,'3학년','전공필수','전자회로',3,'일반','Grade','','전명근',3.0,3.0,0.0,0.0,21,34,30,38),(18622,'5115023','01',11,5,'3학년','전공필수','마이크로프로세서',3,'일반','Grade','','박찬식',2.0,2.0,2.0,1.0,21,38,40,40),(18623,'5115024','01',11,6,'3학년','전공선택','자동제어',3,'일반','Grade','','김진훈',3.0,3.0,0.0,0.0,21,41,30,41),(18624,'5115026','01',11,6,'3학년','전공선택','디지털신호처리',3,'일반','Grade','','전명근',3.0,3.0,0.0,0.0,21,43,30,40),(18625,'5115027','01',11,6,'3학년','전공선택','운영체제',3,'일반','Grade','','문성태',2.0,2.0,2.0,1.0,21,38,40,41),(18626,'5115050','01',11,5,'3학년','전공필수','자료구조 및 알고리즘',3,'일반','Grade','','박태형',3.0,3.0,0.0,0.0,21,35,57,41),(18627,'5115054','01',11,6,'3학년','전공선택','인공지능',3,'일반','Grade','','문성태',3.0,3.0,0.0,0.0,21,32,40,34),(18628,'5115042','01',11,6,'4학년','전공선택','센서공학',3,'일반','Grade','','박찬식',3.0,3.0,0.0,0.0,21,20,40,26),(18629,'5115051','01',11,6,'4학년','전공선택','모터이론 및 제어',3,'일반','Grade','','이재풍',3.0,3.0,0.0,0.0,21,16,40,14),(18630,'5115058','01',11,5,'4학년','전공필수','종합설계Ⅱ',2,'일반','Grade','','황영배',0.0,0.0,4.0,2.0,21,16,40,18),(18631,'5115058','02',11,5,'4학년','전공필수','종합설계Ⅱ',2,'일반','Grade','','이재풍',0.0,0.0,4.0,2.0,21,12,60,19),(18632,'5100012','07',11,6,'4학년','전공선택','창업산학초청세미나Ⅰ',1,'일반','PassFail','','황영배',0.0,0.0,2.0,1.0,21,9,200,6),(18633,'3810046','01',1,24,'전학년','교양선택','살빼기 운동과 영양조절',3,'','Grade','','',3.0,3.0,0.0,0.0,21,64,100,100),(18634,'3810052','01',1,24,'전학년','교양선택','생활과 화학',3,'','Grade','','',3.0,3.0,0.0,0.0,21,0,100,1),(18635,'3810053','01',1,24,'전학년','교양선택','생활속에서 배우는 스페인어',3,'','Grade','','',3.0,3.0,0.0,0.0,21,8,100,11),(18636,'3810056','01',1,24,'전학년','교양선택','생활일본어',3,'','Grade','','',3.0,3.0,0.0,0.0,21,83,100,100),(18637,'3810071','01',1,24,'전학년','교양선택','실크로드를 따라서',3,'','Grade','','',3.0,3.0,0.0,0.0,21,0,100,1),(18638,'3810086','01',1,24,'전학년','교양선택','영화속의 법률사례',3,'','Grade','','',3.0,3.0,0.0,0.0,21,4,100,3),(18639,'3810093','01',1,24,'전학년','교양선택','인간과 운동',3,'','Grade','','',3.0,3.0,0.0,0.0,21,0,100,1),(18640,'3810196','01',1,24,'전학년','교양선택','광고와 카피',3,'','Grade','','',3.0,3.0,0.0,0.0,21,0,100,6),(18641,'3810204','01',1,24,'전학년','교양선택','몸매만들기와 보디빌딩',3,'','Grade','','',3.0,3.0,0.0,0.0,21,19,100,22),(18642,'3810227','01',1,24,'전학년','교양선택','영화로 철학읽기',3,'','Grade','','',3.0,3.0,0.0,0.0,21,3,100,2),(18643,'3810241','01',1,24,'전학년','교양선택','임상여성학',3,'','Grade','','',3.0,3.0,0.0,0.0,21,0,100,0),(18644,'3810255','01',1,24,'전학년','교양선택','테마로보는 유럽문화기행',3,'','Grade','','',3.0,3.0,0.0,0.0,21,2,100,1),(18645,'3810280','01',1,24,'전학년','교양선택','생활속의 안전',3,'','Grade','','',3.0,3.0,0.0,0.0,21,0,100,0),(18646,'3810283','01',1,24,'전학년','교양선택','식생활과건강',3,'','Grade','','',3.0,3.0,0.0,0.0,21,15,100,28),(18647,'3810301','01',1,24,'전학년','교양선택','힌두교와 인도문화',3,'','Grade','','',3.0,3.0,0.0,0.0,21,0,100,0),(18648,'3810357','01',1,24,'전학년','교양선택','영어발음연습',3,'','Grade','','',3.0,3.0,0.0,0.0,21,3,100,4),(18649,'3810374','01',1,24,'전학년','교양선택','호신술과자기방어',3,'','Grade','','',3.0,3.0,0.0,0.0,21,1,100,0),(18650,'3810410','01',1,24,'전학년','교양선택','문학과테마기행',3,'','Grade','','',3.0,3.0,0.0,0.0,21,0,100,0),(18651,'3810422','01',1,24,'전학년','교양선택','피부와생활건강',3,'','Grade','','',3.0,3.0,0.0,0.0,21,9,100,14),(18652,'3810448','01',1,24,'전학년','교양선택','푸드코디네이션개론',3,'','Grade','','',3.0,3.0,0.0,0.0,21,1,100,0),(18653,'3810468','01',1,24,'전학년','교양선택','범죄와범죄심리',3,'','Grade','','',3.0,3.0,0.0,0.0,21,14,100,28),(18654,'3810469','01',1,24,'전학년','교양선택','사례로배우는생활마케팅',3,'','Grade','','',3.0,3.0,0.0,0.0,21,5,100,9),(18655,'3810474','01',1,24,'전학년','교양선택','운동처방실제',3,'','Grade','','',3.0,3.0,0.0,0.0,21,0,100,0),(18656,'3810483','01',1,24,'전학년','교양선택','경찰과사회',3,'','Grade','','',3.0,3.0,0.0,0.0,21,5,100,4),(18657,'3810512','01',1,24,'전학년','교양선택','전통한옥의아름다움',3,'','Grade','','',3.0,3.0,0.0,0.0,21,0,100,2),(18658,'3810525','01',1,24,'전학년','교양선택','문화콘텐츠경영전략과사례',3,'','Grade','','',3.0,3.0,0.0,0.0,21,1,100,1),(18659,'3810534','01',1,24,'전학년','교양선택','테마가든과파티장식',3,'','Grade','','',3.0,3.0,0.0,0.0,21,0,100,1),(18660,'3810552','01',1,24,'전학년','교양선택','생활속의심리학',3,'','Grade','','',3.0,3.0,0.0,0.0,21,22,100,40),(18661,'3810554','01',1,24,'전학년','교양선택','인문학과자기경영의만남',3,'','Grade','','',3.0,3.0,0.0,0.0,21,1,100,2),(18662,'3810557','01',1,24,'전학년','교양선택','지중해문화산책',3,'','Grade','','',3.0,3.0,0.0,0.0,21,0,100,0),(18663,'3810558','01',1,24,'전학년','교양선택','컴퓨터보안과활용',3,'','Grade','','',3.0,3.0,0.0,0.0,21,1,100,2),(18664,'3810562','01',1,24,'전학년','교양선택','한일관계의이해',3,'','Grade','','',3.0,3.0,0.0,0.0,21,1,100,1),(18665,'3810574','01',1,24,'전학년','교양선택','마음을 읽어주는 미술치료',3,'','Grade','','',3.0,3.0,0.0,0.0,21,14,100,17),(18666,'3810594','01',1,24,'전학년','교양선택','배낭여행의이해',3,'','Grade','','',3.0,3.0,0.0,0.0,21,3,100,2),(18667,'3810601','01',1,24,'전학년','교양선택','춤의이해',3,'','Grade','','',3.0,3.0,0.0,0.0,21,0,100,0),(18668,'3810603','01',1,24,'전학년','교양선택','교양한자',3,'','Grade','','',3.0,3.0,0.0,0.0,21,4,100,2),(18669,'3810610','01',1,24,'전학년','교양선택','인간심리의이해',3,'','Grade','','',3.0,3.0,0.0,0.0,21,7,100,4),(18670,'3810615','01',1,24,'전학년','교양선택','문화콘텐츠와창의성',3,'','Grade','','',3.0,3.0,0.0,0.0,21,0,100,0),(18671,'3810626','01',1,24,'전학년','교양선택','C언어및실습',3,'','Grade','','',3.0,3.0,0.0,0.0,21,2,100,0),(18672,'3810633','01',1,24,'전학년','교양선택','항공우주학개론',3,'','Grade','','',3.0,3.0,0.0,0.0,21,1,100,2),(18673,'3810646','01',1,24,'전학년','교양선택','TED로 배우는 영화 속 바이오 테크놀로지',3,'','Grade','','',3.0,3.0,0.0,0.0,21,90,100,100),(18674,'3810646','02',1,24,'전학년','교양선택','TED로 배우는 영화 속 바이오 테크놀로지',3,'','Grade','','',3.0,3.0,0.0,0.0,21,23,100,100),(18675,'3810652','01',1,24,'전학년','교양선택','끌리는사람들의대화의기술',3,'','Grade','','',3.0,3.0,0.0,0.0,21,2,100,2),(18676,'3810658','01',1,24,'전학년','교양선택','창의적 문제해결 TRIZ기본',3,'','Grade','','',3.0,3.0,0.0,0.0,21,0,100,0),(18677,'3810659','01',1,24,'전학년','교양선택','일본문화바로알기',3,'','Grade','','',3.0,3.0,0.0,0.0,21,3,100,5),(18678,'3810665','01',1,24,'전학년','교양선택','취업준비의 정석과 차별화',3,'','Grade','','',3.0,3.0,0.0,0.0,21,0,100,0),(18679,'3810674','01',1,24,'전학년','교양선택','인문학의 이해',3,'','Grade','','',3.0,3.0,0.0,0.0,21,0,100,0),(18680,'3810676','01',1,24,'전학년','교양선택','대학생핵심역량의 이해',3,'','Grade','','',3.0,3.0,0.0,0.0,21,0,100,0),(18681,'3810679','01',1,24,'전학년','교양선택','잊을수없는6.25전쟁사',3,'','Grade','','',3.0,3.0,0.0,0.0,21,5,100,1),(18682,'3810686','01',1,24,'전학년','교양선택','세상을바꾸는아름다운수학',3,'','Grade','','',3.0,3.0,0.0,0.0,21,0,100,3),(18683,'3810688','01',1,24,'전학년','교양선택','한국 이민의 역사와 문화 이야기',3,'','Grade','','',3.0,3.0,0.0,0.0,21,0,100,0),(18684,'3810689','01',1,24,'전학년','교양선택','현대음악의 이해',3,'','Grade','','',3.0,3.0,0.0,0.0,21,1,100,1),(18685,'3810691','01',1,24,'전학년','교양선택','문학과 상상력',3,'','Grade','','',3.0,3.0,0.0,0.0,21,4,100,2),(18686,'3810693','01',1,24,'전학년','교양선택','글로벌시장과비즈니스이해',3,'','Grade','','',3.0,3.0,0.0,0.0,21,0,100,0),(18687,'3810705','01',1,24,'전학년','교양선택','사물인터넷이해',3,'','Grade','','',3.0,3.0,0.0,0.0,21,0,100,0),(18688,'3810707','01',1,24,'전학년','교양선택','100세시대를위한운동과영양',3,'','Grade','','',3.0,3.0,0.0,0.0,21,14,100,15),(18689,'3810709','01',1,24,'전학년','교양선택','모두의인공지능',3,'','Grade','','',3.0,3.0,0.0,0.0,21,4,100,2),(18690,'3810710','01',1,24,'전학년','교양선택','4차산업혁명기술과자동차이야기',3,'','Grade','','',3.0,3.0,0.0,0.0,21,1,100,1),(18691,'3810711','01',1,24,'전학년','교양선택','제4차산업혁명과자기경영',3,'','Grade','','',3.0,3.0,0.0,0.0,21,0,100,0),(18692,'3810715','01',1,24,'전학년','교양선택','컴퓨팅사고력기르기',3,'','Grade','','',3.0,3.0,0.0,0.0,21,0,100,1),(18693,'3810721','01',1,24,'전학년','교양선택','TED로 배우는 비즈니스 트렌드',3,'','Grade','','',3.0,3.0,0.0,0.0,21,3,100,1),(18694,'3810722','01',1,24,'전학년','교양선택','영화로배우는영어',3,'','Grade','','',3.0,3.0,0.0,0.0,21,8,100,15),(18695,'3810724','01',1,24,'전학년','교양선택','e스포츠의세계',3,'','Grade','','',3.0,3.0,0.0,0.0,21,6,100,6),(18696,'3810727','01',1,24,'전학년','교양선택','영어스토리텔링의실제',3,'','Grade','','',3.0,3.0,0.0,0.0,21,1,100,1),(18697,'3810731','01',1,24,'전학년','교양선택','미래정보기술의이해',3,'','Grade','','',3.0,3.0,0.0,0.0,21,1,100,1),(18698,'3810735','01',1,24,'전학년','교양선택','나를찾는행복레슨',3,'','Grade','','',3.0,3.0,0.0,0.0,21,2,100,2),(18699,'3810737','01',1,24,'전학년','교양선택','초급영어번역',3,'','Grade','','',3.0,3.0,0.0,0.0,21,7,100,12),(18700,'3810738','01',1,24,'전학년','교양선택','기초워드문서작성법',3,'','Grade','','',3.0,3.0,0.0,0.0,21,2,100,3),(18701,'3810739','01',1,24,'전학년','교양선택','파이썬실무활용',3,'','Grade','','',3.0,3.0,0.0,0.0,21,2,100,4),(18702,'3810741','01',1,24,'전학년','교양선택','글로벌비즈니스취업과성장',3,'','Grade','','',3.0,3.0,0.0,0.0,21,0,100,1),(18703,'3810746','01',1,24,'전학년','교양선택','이야기로치유하기',3,'','Grade','','',3.0,3.0,0.0,0.0,21,1,100,0),(18704,'3810749','01',1,24,'전학년','교양선택','그림책읽기와보기',3,'','Grade','','',3.0,3.0,0.0,0.0,21,0,100,0),(18705,'3810753','01',1,24,'전학년','교양선택','사운드와컴퓨터음악',3,'','Grade','','',3.0,3.0,0.0,0.0,21,2,100,3),(18706,'3810756','01',1,24,'전학년','교양선택','대학공부성공하기A+',3,'','Grade','','',3.0,3.0,0.0,0.0,21,1,100,1),(18707,'3810757','01',1,24,'전학년','교양선택','한국의언어와문화산책',3,'','Grade','','',3.0,3.0,0.0,0.0,21,1,100,2),(18708,'3810759','01',1,24,'전학년','교양선택','인체시스템의탐험',3,'','Grade','','',3.0,3.0,0.0,0.0,21,0,100,0),(18709,'3810761','01',1,24,'전학년','교양선택','사건을중심으로본남북관계론',3,'','Grade','','',3.0,3.0,0.0,0.0,21,0,100,0),(18710,'3810764','01',1,24,'전학년','교양선택','미래기술인문학',3,'','Grade','','',3.0,3.0,0.0,0.0,21,0,100,0),(18711,'3810767','01',1,24,'전학년','교양선택','행복한삶과존엄한죽음',3,'','Grade','','',3.0,3.0,0.0,0.0,21,0,100,1),(18712,'3810774','01',1,24,'전학년','교양선택','포스트휴먼시대와인간',3,'','Grade','','',3.0,3.0,0.0,0.0,21,0,100,0),(18713,'3810776','01',1,24,'전학년','교양선택','디지털헬스케어',3,'','Grade','','',3.0,3.0,0.0,0.0,21,1,100,1),(18714,'3810780','01',1,24,'전학년','교양선택','기독교와성서',3,'','Grade','','',3.0,3.0,0.0,0.0,21,0,100,0),(18715,'3810783','01',1,24,'전학년','교양선택','부동산빅데이터론',3,'','Grade','','',3.0,3.0,0.0,0.0,21,0,100,0),(18716,'3810784','01',1,24,'전학년','교양선택','부자들의성공심리학',3,'','Grade','','',3.0,3.0,0.0,0.0,21,1,100,2),(18717,'3810785','01',1,24,'전학년','교양선택','맞춤법과표준어',3,'','Grade','','',3.0,3.0,0.0,0.0,21,0,100,0),(18718,'3810788','01',1,24,'전학년','교양선택','여행으로배우는중국어',3,'','Grade','','',3.0,3.0,0.0,0.0,21,0,100,2),(18719,'3810790','01',1,24,'전학년','교양선택','메타버스활용디자인',3,'','Grade','','',3.0,3.0,0.0,0.0,21,2,100,1),(18720,'3810794','01',1,24,'전학년','교양선택','영화속클래식음악',3,'','Grade','','',3.0,3.0,0.0,0.0,21,4,100,2),(18721,'3810803','01',1,24,'전학년','교양선택','쉽게배우는생활속인공지능의이해',3,'','Grade','','',3.0,3.0,0.0,0.0,21,0,100,0),(18722,'3810807','01',1,24,'전학년','교양선택','감성지능의이해',3,'','Grade','','',3.0,3.0,0.0,0.0,21,0,100,0),(18723,'3810812','01',1,24,'전학년','교양선택','창의적사고기르기',3,'','Grade','','',3.0,3.0,0.0,0.0,21,0,100,0),(18724,'3810814','01',1,24,'전학년','교양선택','아시아사회의이해',3,'','Grade','','',3.0,3.0,0.0,0.0,21,0,100,0),(18725,'3810815','01',1,24,'전학년','교양선택','광고의역사',3,'','Grade','','',3.0,3.0,0.0,0.0,21,0,100,0),(18726,'3810825','01',1,24,'전학년','교양선택','신화와문화콘텐츠',3,'','Grade','','',3.0,3.0,0.0,0.0,21,1,100,0),(18727,'3810834','01',1,24,'전학년','교양선택','기후위기와미래사회',3,'','Grade','','',3.0,3.0,0.0,0.0,21,2,100,3),(18728,'3810835','01',1,24,'전학년','교양선택','문화로보는서양사',3,'','Grade','','',3.0,3.0,0.0,0.0,21,2,100,3),(18729,'3810841','01',1,24,'전학년','교양선택','대학생리더의길',3,'','Grade','','',3.0,3.0,0.0,0.0,21,0,100,0),(18730,'3810848','01',1,24,'전학년','교양선택','여행을통한인간과사회이해',3,'','Grade','','',3.0,3.0,0.0,0.0,21,0,100,0),(18731,'3810850','01',1,24,'전학년','교양선택','챗GPT의이해와활용',3,'','Grade','','',3.0,3.0,0.0,0.0,21,7,100,6),(18732,'3820010','01',1,24,'전학년','교양선택','교육학개론',3,'','Grade','','',3.0,3.0,0.0,0.0,21,0,100,1),(18733,'3820016','01',1,24,'전학년','교양선택','다국적 기업과 글로벌라이제이션',3,'','Grade','','',3.0,3.0,0.0,0.0,21,0,100,0),(18734,'3820057','01',1,24,'전학년','교양선택','예제로 배우는 C언어',3,'','Grade','','',3.0,3.0,0.0,0.0,21,1,100,1),(18735,'3820094','01',1,24,'전학년','교양선택','현대 일본어 문법',3,'','Grade','','',3.0,3.0,0.0,0.0,21,5,100,5),(18736,'3820192','01',1,24,'전학년','교양선택','태국의 역사문화 기행',3,'','Grade','','',3.0,3.0,0.0,0.0,21,0,100,1),(18737,'3820252','01',1,24,'전학년','교양선택','영화로배우는자연재해',3,'','Grade','','',3.0,3.0,0.0,0.0,21,1,100,0),(18738,'3820265','01',1,24,'전학년','교양선택','부동산의이해',3,'','Grade','','',3.0,3.0,0.0,0.0,21,5,100,4),(18739,'3820273','01',1,24,'전학년','교양선택','자바프로그래밍',3,'','Grade','','',3.0,3.0,0.0,0.0,21,1,100,0),(18740,'3820285','01',1,24,'전학년','교양선택','인퓨징마케팅',3,'','Grade','','',3.0,3.0,0.0,0.0,21,0,100,0),(18741,'3820288','01',1,24,'전학년','교양선택','유통경영의핵심전략',3,'','Grade','','',3.0,3.0,0.0,0.0,21,1,100,1),(18742,'0922001','01',1,14,'전학년','교양선택','한국사의이해',3,'','Grade','','김영관, 유승희',3.0,3.0,0.0,0.0,21,10,100,51),(18743,'0922001','02',1,14,'전학년','교양선택','한국사의이해',3,'','Grade','','최은규',3.0,3.0,0.0,0.0,21,21,100,65),(18744,'0922001','03',1,14,'전학년','교양선택','한국사의이해',3,'','Grade','','미지정',3.0,3.0,0.0,0.0,21,12,100,100),(18745,'0922002','01',1,14,'전학년','교양선택','한국근현대사의이해',3,'','Grade','','이명학',3.0,3.0,0.0,0.0,21,56,100,105),(18746,'0922003','01',1,14,'전학년','교양선택','동양문화사',3,'','Grade','','금재원',3.0,3.0,0.0,0.0,21,20,100,35),(18747,'0922004','01',1,14,'전학년','교양선택','서양문화사',3,'','Grade','','배인성',3.0,3.0,0.0,0.0,21,47,100,85),(18748,'0922005','01',1,14,'전학년','교양선택','미디어를 통해 본 중국역사',3,'','Grade','','김현선',3.0,3.0,0.0,0.0,21,2,100,1),(18749,'0922006','01',1,14,'전학년','교양선택','역사학과 디지털 문화콘텐츠의 만남',3,'','Grade','','유승희',3.0,3.0,0.0,0.0,21,20,90,39),(18750,'0922007','01',1,14,'전학년','교양선택','영상으로 보는 한국사',3,'','Grade','','김한신',3.0,3.0,0.0,0.0,21,34,100,100),(18751,'0922007','02',1,14,'전학년','교양선택','영상으로 보는 한국사',3,'','Grade','','강민식',3.0,3.0,0.0,0.0,21,9,100,61),(18752,'0922007','03',1,14,'전학년','교양선택','영상으로 보는 한국사',3,'','Grade','','안성진',3.0,3.0,0.0,0.0,21,31,100,100),(18753,'0922007','04',1,14,'전학년','교양선택','영상으로 보는 한국사',3,'','Grade','','미지정',3.0,3.0,0.0,0.0,21,16,100,28),(18754,'0922007','05',1,14,'전학년','교양선택','영상으로 보는 한국사',3,'','Grade','','이성우',3.0,3.0,0.0,0.0,21,15,100,44),(18755,'0922008','01',1,14,'전학년','교양선택','역사와 스토리텔링',3,'','Grade','','유승희',3.0,3.0,0.0,0.0,21,14,90,45),(18756,'0922011','01',1,14,'전학년','교양선택','교양 한국미술사',3,'','Grade','','이종민',3.0,3.0,0.0,0.0,21,12,50,52),(18757,'0922012','01',1,14,'전학년','교양선택','일상생활의심리학',3,'','Grade','','안정광',3.0,3.0,0.0,0.0,21,48,90,90),(18758,'0922012','02',1,14,'전학년','교양선택','일상생활의심리학',3,'','Grade','','엄진섭',3.0,3.0,0.0,0.0,21,16,90,90),(18759,'0922012','03',1,14,'전학년','교양선택','일상생활의심리학',3,'','Grade','','김영경',3.0,3.0,0.0,0.0,21,29,90,95),(18760,'0922014','01',1,14,'전학년','교양선택','생활과법',3,'','Grade','','장진보',3.0,3.0,0.0,0.0,21,1,50,7),(18761,'0922014','02',1,14,'전학년','교양선택','생활과법',3,'','Grade','','홍진희',3.0,3.0,0.0,0.0,21,29,70,70),(18762,'0922014','03',1,14,'전학년','교양선택','생활과법',3,'','Grade','','최민준',3.0,3.0,0.0,0.0,21,6,70,15),(18763,'0922014','04',1,14,'전학년','교양선택','생활과법',3,'','Grade','','김윤정',3.0,3.0,0.0,0.0,21,21,70,72),(18764,'0922015','01',1,14,'전학년','교양선택','세계의지리',3,'','Grade','','윤현위',3.0,3.0,0.0,0.0,21,10,32,32),(18765,'0922019','01',1,14,'전학년','교양선택','공업법규와창업',3,'','Grade','','강봉희',3.0,3.0,0.0,0.0,21,5,45,45),(18766,'0922019','02',1,14,'전학년','교양선택','공업법규와창업',3,'','Grade','','강봉희',3.0,3.0,0.0,0.0,21,7,45,46),(18767,'0922027','01',1,14,'전학년','교양선택','신용관리와 소비생활',3,'','Grade','','김민정',3.0,3.0,0.0,0.0,21,20,100,100),(18768,'0922027','02',1,14,'전학년','교양선택','신용관리와 소비생활',3,'','Grade','','곽민주',3.0,3.0,0.0,0.0,21,60,100,100),(18769,'0922027','03',1,14,'전학년','교양선택','신용관리와 소비생활',3,'','Grade','','곽민주',3.0,3.0,0.0,0.0,21,35,100,99),(18770,'0922027','04',1,14,'전학년','교양선택','신용관리와 소비생활',3,'','Grade','','곽민주',3.0,3.0,0.0,0.0,21,26,100,96),(18771,'0922027','05',1,14,'전학년','교양선택','신용관리와 소비생활',3,'','Grade','','김태은',3.0,3.0,0.0,0.0,21,25,100,99),(18772,'0922027','06',1,14,'전학년','교양선택','신용관리와 소비생활',3,'','Grade','','김태은',3.0,3.0,0.0,0.0,21,11,100,100),(18773,'0922027','07',1,14,'전학년','교양선택','신용관리와 소비생활',3,'','Grade','','박영미',3.0,3.0,0.0,0.0,21,29,100,101),(18774,'0922027','08',1,14,'전학년','교양선택','신용관리와 소비생활',3,'','Grade','','박영미',3.0,3.0,0.0,0.0,21,14,100,55),(18775,'0922027','09',1,14,'전학년','교양선택','신용관리와 소비생활',3,'','Grade','','박영미',3.0,3.0,0.0,0.0,21,16,100,102),(18776,'0922032','01',1,14,'전학년','교양선택','생활 속의 경제학',3,'','Grade','','조택희',3.0,3.0,0.0,0.0,21,12,50,48),(18777,'0922033','01',1,14,'전학년','교양선택','성문화의 이해',3,'','Grade','','배홍철',3.0,3.0,0.0,0.0,21,4,45,6),(18778,'0922035','01',1,14,'전학년','교양선택','시민사회에서의 재산과 가족',3,'','Grade','','최민준',3.0,3.0,0.0,0.0,21,3,80,2),(18779,'0922036','01',1,14,'전학년','교양선택','현대사회의 범죄와 형벌',3,'','Grade','','홍진희',3.0,3.0,0.0,0.0,21,21,45,45),(18780,'0922041','01',1,14,'전학년','교양선택','행복한 소비, 윤리소비',3,'','Grade','','김지혜',3.0,3.0,0.0,0.0,21,12,80,42),(18781,'0922041','02',1,14,'전학년','교양선택','행복한 소비, 윤리소비',3,'','Grade','','김지혜',3.0,3.0,0.0,0.0,21,10,80,5),(18782,'0922042','01',1,14,'전학년','교양선택','기업과 증권시장의 이해',3,'','Grade','','이형철',3.0,3.0,0.0,0.0,21,19,50,25),(18783,'0922043','01',1,14,'전학년','교양선택','근현대의 역사와 인물',3,'','Grade','','이성우',3.0,3.0,0.0,0.0,21,54,100,100),(18784,'0922047','01',1,14,'전학년','교양선택','패션과 라이프',3,'','Grade','','이고은',3.0,3.0,0.0,0.0,21,32,100,100),(18785,'0922047','02',1,14,'전학년','교양선택','패션과 라이프',3,'','Grade','','권수희',3.0,3.0,0.0,0.0,21,30,126,112),(18786,'0922047','03',1,14,'전학년','교양선택','패션과 라이프',3,'','Grade','','김지수',3.0,3.0,0.0,0.0,21,12,126,125),(18787,'0922048','01',1,14,'전학년','교양선택','한국의 지리와 삶',3,'','Grade','','주뢰',3.0,3.0,0.0,0.0,21,14,35,35),(18788,'0922050','01',1,14,'전학년','교양선택','하우징 트렌드',3,'','Grade','','황지현',3.0,3.0,0.0,0.0,21,26,90,91),(18789,'0922050','02',1,14,'전학년','교양선택','하우징 트렌드',3,'','Grade','','이상운',3.0,3.0,0.0,0.0,21,16,100,40),(18790,'0922056','01',1,14,'전학년','교양선택','슬기로운 부동산 생활',3,'','Grade','','김유식',3.0,3.0,0.0,0.0,21,16,40,34),(18791,'0922057','01',1,14,'전학년','교양선택','기업가정신과 지식재산',3,'','Grade','','신영애',3.0,3.0,0.0,0.0,21,25,50,51),(18792,'0922059','01',1,14,'전학년','교양선택','한자와 캘리그라피',3,'','Grade','','봉인영',3.0,3.0,0.0,0.0,21,6,37,26),(18793,'0922060','01',1,14,'전학년','교양선택','법과 정의',3,'','Grade','','이동민',3.0,3.0,0.0,0.0,21,6,50,39),(18794,'0922061','01',1,14,'전학년','교양선택','영화로 보는 법과 문화',3,'','Grade','','이동민',3.0,3.0,0.0,0.0,21,4,50,1),(18795,'0922062','01',1,14,'전학년','교양선택','대학의 역사와 미래',3,'','Grade','','이정미',3.0,3.0,0.0,0.0,21,1,45,1),(18796,'0922063','01',1,14,'전학년','교양선택','인류문명과 에너지원의 변천사',3,'','Grade','','강동우',3.0,3.0,0.0,0.0,21,76,100,119),(18797,'0922065','01',1,14,'전학년','교양선택','문화유산 속의 미스토리(Mistery & History)',3,'','Grade','','민병찬',3.0,3.0,0.0,0.0,21,31,60,65),(18798,'0922067','01',1,14,'전학년','교양선택','시네마 법률 산책',3,'','Grade','','김광록',3.0,3.0,0.0,0.0,21,6,50,2),(18799,'0922068','01',1,14,'전학년','교양선택','인권과 이슈',2,'','Grade','','박찬걸',2.0,2.0,0.0,0.0,21,3,50,4),(18800,'0922069','01',1,14,'전학년','교양선택','아동발달과 나의 성장',3,'','Grade','','박보경, 윤현정',3.0,3.0,0.0,0.0,21,19,100,60),(18801,'0922069','02',1,14,'전학년','교양선택','아동발달과 나의 성장',3,'','Grade','','윤현정',3.0,3.0,0.0,0.0,21,11,100,88),(18802,'0922070','01',1,14,'전학년','교양선택','직장생활의 필수 노동법',3,'','Grade','','정정임',3.0,3.0,0.0,0.0,21,9,50,15),(18803,'0922072','01',1,14,'전학년','교양선택','국가란 무엇인가?',3,'','Grade','','김정숙',3.0,3.0,0.0,0.0,21,2,70,3),(18804,'3810466','01',1,14,'전학년','교양선택','결혼과가족',3,'','Grade','','',3.0,3.0,0.0,0.0,21,57,200,126),(18805,'5100001','01',7,6,'1학년','전공선택','창의공학설계I',2,'일반','Grade','','권오민',0.0,0.0,4.0,2.0,21,3,20,23),(18806,'5100001','02',7,6,'1학년','전공선택','창의공학설계I',2,'일반','Grade','','권오민',0.0,0.0,4.0,2.0,21,6,20,23),(18807,'5100001','03',7,6,'1학년','전공선택','창의공학설계I',2,'일반','Grade','','김명진',0.0,0.0,4.0,2.0,21,3,20,22),(18808,'5106001','01',7,5,'2학년','전공필수','전자기학 I',3,'일반','Grade','','윤남식',3.0,3.0,0.0,0.0,21,48,35,38),(18809,'5106001','02',7,5,'2학년','전공필수','전자기학 I',3,'일반','Grade','','김영욱',3.0,3.0,0.0,0.0,21,20,35,37),(18810,'5106002','01',7,5,'2학년','전공필수','회로이론 I',3,'일반','Grade','','권오민',3.0,3.0,0.0,0.0,21,66,80,72),(18811,'5106004','01',7,5,'2학년','전공필수','공학수학 I',3,'일반','Grade','','윤남식',3.0,3.0,0.0,0.0,21,38,35,34),(18812,'5106004','02',7,5,'2학년','전공필수','공학수학 I',3,'일반','Grade','','윤재중',3.0,3.0,0.0,0.0,21,23,35,35),(18813,'5106005','01',7,6,'2학년','전공선택','디지털공학',3,'일반','Grade','','홍종필',3.0,3.0,0.0,0.0,21,44,35,37),(18814,'5106005','02',7,6,'2학년','전공선택','디지털공학',3,'일반','Grade','','홍종필',3.0,3.0,0.0,0.0,21,25,35,36),(18815,'5106006','01',7,6,'2학년','전공선택','확률및통계',3,'일반','Grade','','권오민',3.0,3.0,0.0,0.0,21,58,60,67),(18816,'5106045','01',7,5,'2학년','전공필수','기초회로 및 디지털실험 I',2,'일반','Grade','','김명진',0.0,0.0,4.0,2.0,21,10,20,21),(18817,'5106045','02',7,5,'2학년','전공필수','기초회로 및 디지털실험 I',2,'일반','Grade','','윤재중',0.0,0.0,4.0,2.0,21,15,20,23),(18818,'5106045','03',7,5,'2학년','전공필수','기초회로 및 디지털실험 I',2,'일반','Grade','','김영욱',0.0,0.0,4.0,2.0,21,36,20,22),(18819,'5106053','01',7,6,'2학년','전공선택','전기물리',3,'일반','Grade','','윤남식',3.0,3.0,0.0,0.0,21,31,40,38),(18820,'5106014','01',7,5,'3학년','전공필수','전자회로 I',3,'일반','Grade','','고석태',3.0,3.0,0.0,0.0,21,60,60,65),(18821,'5106016','01',7,6,'3학년','전공선택','신호 및 시스템',3,'일반','Grade','','유채화',3.0,3.0,0.0,0.0,21,69,60,70),(18822,'5106017','01',7,6,'3학년','전공선택','자동제어',3,'일반','Grade','','권오민',3.0,3.0,0.0,0.0,21,60,60,67),(18823,'5106018','01',7,6,'3학년','전공선택','전력공학',3,'일반','Grade','','김성중',3.0,3.0,0.0,0.0,21,74,50,75),(18824,'5106019','01',7,6,'3학년','전공선택','전기물성',3,'일반','Grade','','김명진',3.0,3.0,0.0,0.0,21,60,60,66),(18825,'5106021','01',7,6,'3학년','전공선택','플라즈마공학',3,'일반','Grade','','윤남식',3.0,3.0,0.0,0.0,21,49,40,45),(18826,'5106057','01',7,5,'3학년','전공필수','전자회로실험',2,'일반','Grade','','윤재중',0.0,0.0,4.0,2.0,21,25,20,20),(18827,'5106057','02',7,5,'3학년','전공필수','전자회로실험',2,'일반','Grade','','고석태',0.0,0.0,4.0,2.0,21,19,20,21),(18828,'5106057','03',7,5,'3학년','전공필수','전자회로실험',2,'일반','Grade','','김영욱',0.0,0.0,4.0,2.0,21,14,20,20),(18829,'5106031','01',7,6,'4학년','전공선택','전기기기제어',3,'일반','Grade','','윤재중',3.0,3.0,0.0,0.0,21,21,40,16),(18830,'5106032','01',7,6,'4학년','전공선택','전기기기 II',3,'일반','Grade','','김영욱',3.0,3.0,0.0,0.0,21,44,40,47),(18831,'5106033','01',7,6,'4학년','전공선택','통신공학 I',3,'일반','Grade','','이연규',3.0,3.0,0.0,0.0,21,52,40,45),(18832,'5106034','01',7,6,'4학년','전공선택','디지털신호처리',3,'일반','Grade','','이연규',3.0,3.0,0.0,0.0,21,35,40,30),(18833,'5106035','01',7,6,'4학년','전공선택','신재생에너지시스템',3,'일반','Grade','','김성중',3.0,3.0,0.0,0.0,21,22,30,21),(18834,'5106036','01',7,5,'4학년','전공필수','캡스톤디자인',2,'일반','Grade','','고석태',0.0,0.0,4.0,2.0,21,62,80,70),(18835,'5106037','01',7,6,'4학년','전공선택','집적회로',3,'일반','Grade','','홍종필',3.0,3.0,0.0,0.0,21,14,40,16),(18836,'5106054','01',7,5,'1학년','전공필수','새내기 미래설계',0,'일반','PassFail','','홍종필',0.0,0.0,1.0,0.5,21,14,80,80),(18837,'5100012','01',7,6,'4학년','전공선택','창업산학초청세미나Ⅰ',1,'일반','PassFail','','김영욱',0.0,0.0,2.0,1.0,21,17,200,15),(18838,'5106055','01',7,5,'4학년','전공필수','진로설계',0,'일반','PassFail','','고석태',0.0,0.0,3.0,1.5,21,59,80,71),(18839,'5123001','01',9,5,'2학년','전공필수','공학수학',3,'일반','Grade','','반유석',3.0,3.0,0.0,0.0,21,55,35,60),(18840,'5123002','01',9,5,'2학년','전공필수','회로이론Ⅰ',3,'일반','Grade','','서재원',3.0,3.0,0.0,0.0,21,54,35,59),(18841,'5123003','01',9,5,'2학년','전공필수','전자기학Ⅰ',3,'일반','Grade','','심상훈',3.0,3.0,0.0,0.0,21,57,35,64),(18842,'5123004','01',9,6,'2학년','전공선택','선형대수',3,'일반','Grade','','서보석',3.0,3.0,0.0,0.0,21,65,35,40),(18843,'5123004','02',9,6,'2학년','전공선택','선형대수',3,'일반','Grade','','서보석',3.0,3.0,0.0,0.0,21,0,30,46),(18844,'5123005','01',9,6,'2학년','전공선택','디지털공학',3,'일반','Grade','','문승식',3.0,3.0,0.0,0.0,21,51,35,56),(18845,'5123006','01',9,6,'2학년','전공선택','고급컴퓨터프로그래밍',3,'일반','Grade','','김승구',2.0,2.0,2.0,1.0,21,56,35,53),(18846,'5123014','01',9,5,'3학년','전공필수','전자응용실험',2,'일반','Grade','','김승구',0.0,0.0,4.0,2.0,21,50,35,35),(18847,'5123014','02',9,5,'3학년','전공필수','전자응용실험',2,'일반','Grade','','반유석',0.0,0.0,4.0,2.0,21,0,20,16),(18848,'5123015','01',9,5,'3학년','전공필수','전자회로Ⅰ',3,'일반','Grade','','심상훈',3.0,3.0,0.0,0.0,21,49,35,49),(18849,'5123016','01',9,5,'3학년','전공필수','프로그래밍프로젝트',1,'일반','Grade','','김승구',0.0,0.0,2.0,1.0,21,51,25,36),(18850,'5123016','02',9,5,'3학년','전공필수','프로그래밍프로젝트',1,'일반','Grade','','김승구',0.0,0.0,2.0,1.0,21,0,25,17),(18851,'5123018','01',9,6,'3학년','전공선택','신호및시스템',3,'일반','Grade','','서재원',3.0,3.0,0.0,0.0,21,28,30,27),(18852,'5123018','02',9,6,'3학년','전공선택','신호및시스템',3,'일반','Grade','','손표웅',3.0,3.0,0.0,0.0,21,26,30,30),(18853,'5123019','01',9,6,'3학년','전공선택','컴퓨터구조',3,'일반','Grade','','김승구',3.0,3.0,0.0,0.0,21,55,35,51),(18854,'5123020','01',9,6,'3학년','전공선택','통신공학',3,'일반','Grade','','서보석',3.0,3.0,0.0,0.0,21,48,35,49),(18855,'5123021','01',9,6,'3학년','전공선택','인공지능',3,'일반','Grade','','반유석',3.0,3.0,0.0,0.0,21,47,35,50),(18856,'5123030','01',9,5,'4학년','전공필수','종합설계Ⅱ',2,'일반','Grade','','서보석',0.0,0.0,4.0,2.0,21,16,40,15),(18857,'5123030','02',9,5,'4학년','전공필수','종합설계Ⅱ',2,'일반','Grade','','반유석',0.0,0.0,4.0,2.0,21,14,40,20),(18858,'5123031','01',9,6,'4학년','전공선택','신호처리응용',3,'일반','Grade','','서재원',3.0,3.0,0.0,0.0,21,27,35,36),(18859,'5123034','01',9,6,'4학년','전공선택','정보통신공학',3,'일반','Grade','','문승식',3.0,3.0,0.0,0.0,21,21,35,32),(18860,'5123042','01',9,6,'4학년','전공선택','자율주행시스템',3,'일반','Grade','','손표웅',3.0,3.0,0.0,0.0,21,35,35,43),(18861,'5123017','01',9,5,'3학년','전공필수','프로젝트랩Ⅱ',0,'일반','PassFail','','반유석',1.0,1.0,0.0,0.0,21,24,40,28),(18862,'5100012','02',9,6,'4학년','전공선택','창업산학초청세미나Ⅰ',1,'일반','PassFail','','반유석',0.0,0.0,2.0,1.0,21,29,200,31),(18863,'0932001','01',1,19,'전학년','교양선택','중국어 I',3,'','Grade','','이욱진',3.0,3.0,0.0,0.0,21,4,45,44),(18864,'0932001','02',1,19,'전학년','교양선택','중국어 I',3,'','Grade','','조현국',3.0,3.0,0.0,0.0,21,12,45,36),(18865,'0932002','01',1,19,'전학년','교양선택','중국어II',3,'','Grade','','조현국',3.0,3.0,0.0,0.0,21,9,45,16),(18866,'0932003','01',1,19,'전학년','교양선택','독일어I',3,'','Grade','','최도규',3.0,3.0,0.0,0.0,21,17,40,40),(18867,'0932003','02',1,19,'전학년','교양선택','독일어I',3,'','Grade','','미지정',3.0,3.0,0.0,0.0,21,1,40,8),(18868,'0932005','01',1,19,'전학년','교양선택','프랑스어I',3,'','Grade','','김대영',3.0,3.0,0.0,0.0,21,14,45,31),(18869,'0932005','02',1,19,'전학년','교양선택','프랑스어I',3,'','Grade','','신명숙',3.0,3.0,0.0,0.0,21,13,45,45),(18870,'0932006','01',1,19,'전학년','교양선택','프랑스어II',3,'','Grade','','이은미',3.0,3.0,0.0,0.0,21,4,45,2),(18871,'0932007','01',1,19,'전학년','교양선택','러시아어I',3,'','Grade','','백경희',3.0,3.0,0.0,0.0,21,15,30,30),(18872,'0932012','01',1,19,'전학년','교양선택','글로벌 문화와 지역학',3,'','Grade','','박미령',3.0,3.0,0.0,0.0,21,20,80,58),(18873,'0932013','01',1,19,'전학년','교양선택','글로벌 음식문화와 생활문화',3,'','Grade','','이상오',3.0,3.0,0.0,0.0,21,142,80,80),(18874,'0932013','02',1,19,'전학년','교양선택','글로벌 음식문화와 생활문화',3,'','Grade','','이상오',3.0,3.0,0.0,0.0,21,138,80,80),(18875,'0932014','01',1,19,'전학년','교양선택','기초일본어',2,'','Grade','','권동현',2.0,2.0,0.0,0.0,21,33,70,74),(18876,'0932014','02',1,19,'전학년','교양선택','기초일본어',2,'','Grade','','강지연',2.0,2.0,0.0,0.0,21,42,70,71),(18877,'0932015','01',1,19,'전학년','교양선택','영어청취력',3,'','Grade','','김순배',3.0,3.0,0.0,0.0,21,14,65,39),(18878,'0932016','01',1,19,'전학년','교양선택','영어회화',3,'','Grade','','데일 마르셀',3.0,3.0,0.0,0.0,21,8,70,69),(18879,'0932017','01',1,19,'전학년','교양선택','실용영문법',3,'','Grade','','윤봉이',3.0,3.0,0.0,0.0,21,11,61,61),(18880,'0932018','01',1,19,'전학년','교양선택','토익 듣기와 읽기',3,'','Grade','','심지영',3.0,3.0,0.0,0.0,21,29,50,50),(18881,'0932018','02',1,19,'전학년','교양선택','토익 듣기와 읽기',3,'','Grade','','윤봉이',3.0,3.0,0.0,0.0,21,34,50,50),(18882,'0932018','03',1,19,'전학년','교양선택','토익 듣기와 읽기',3,'','Grade','','윤봉이',3.0,3.0,0.0,0.0,21,32,50,50),(18883,'0932022','01',1,19,'전학년','교양선택','집중 TOPIK II',3,'','Grade','','박현주',3.0,3.0,0.0,0.0,21,24,40,40),(18884,'0932024','01',1,19,'전학년','교양선택','충북지역문화와 동아시아 문화교류',3,'','Grade','','김호진',3.0,3.0,0.0,0.0,21,7,100,28),(18885,'0932027','01',1,19,'전학년','교양선택','국제개발협력의 이해',3,'','Grade','','송양훈',3.0,3.0,0.0,0.0,21,7,50,13),(18886,'0932030','01',1,19,'전학년','교양선택','한중 청년교류와 미래',3,'','Grade','','이상오',3.0,3.0,0.0,0.0,21,17,80,28),(18887,'0932031','01',1,19,'전학년','교양선택','인구의 세계',3,'','Grade','','정원욱',3.0,3.0,0.0,0.0,21,18,40,39),(18888,'0932032','01',1,19,'전학년','교양선택','시베리아 횡단철도와 유라시아 문화기행',3,'','Grade','','김태옥',3.0,3.0,0.0,0.0,21,3,80,15),(18889,'5114002','01',4,6,'2학년','전공선택','정보기술의 이해',3,'일반','Grade','','신미예',3.0,3.0,0.0,0.0,21,27,40,32),(18890,'5114003','01',4,6,'2학년','전공선택','파이썬 프로그래밍',3,'일반','Grade','','황경순',2.0,2.0,2.0,1.0,21,40,40,42),(18891,'5114006','01',4,6,'3학년','전공선택','IoT 기술과 프로그래밍',3,'일반','Grade','','주영관',2.0,2.0,2.0,1.0,21,15,40,17),(18892,'5114007','01',4,6,'3학년','전공선택','인공지능과 기계학습',3,'일반','Grade','','황경순',2.0,2.0,2.0,1.0,21,24,80,24),(18893,'5114010','01',4,6,'4학년','전공선택','빅데이터이해와분석',3,'일반','Grade','','강재구',2.0,2.0,2.0,1.0,21,15,40,20),(18894,'0932009','01',1,26,'전학년','교양선택','외국어로서의 한국어 I**',3,'','Grade','','손자영',3.0,3.0,0.0,0.0,21,11,40,40),(18895,'0932009','02',1,26,'전학년','교양선택','외국어로서의 한국어 I**',3,'','Grade','','김명희',3.0,3.0,0.0,0.0,21,1,40,10),(18896,'0932010','01',1,26,'전학년','교양선택','외국어로서의 한국어 II**',3,'','Grade','','김명희',3.0,3.0,0.0,0.0,21,1,40,40),(18897,'0932010','02',1,26,'전학년','교양선택','외국어로서의 한국어 II**',3,'','Grade','','손자영',3.0,3.0,0.0,0.0,21,3,40,19),(18898,'0932011','01',1,26,'전학년','교양선택','기초 한국어 회화**',3,'','Grade','','박현주',3.0,3.0,0.0,0.0,21,9,40,40),(18899,'0941001','01',1,23,'전학년','교양선택','수학',3,'','Grade','','피영진',3.0,3.0,0.0,0.0,21,12,40,40),(18900,'0941002','01',1,23,'전학년','교양선택','수학I',3,'','Grade','','류미수',3.0,3.0,0.0,0.0,21,7,30,36),(18901,'0941002','02',1,23,'전학년','교양선택','수학I',3,'','Grade','','지운식',3.0,3.0,0.0,0.0,21,6,30,41),(18902,'0941002','03',1,23,'전학년','교양선택','수학I',3,'','Grade','','윤상민',3.0,3.0,0.0,0.0,21,6,30,42),(18903,'0941002','04',1,23,'전학년','교양선택','수학I',3,'','Grade','','고두원',3.0,3.0,0.0,0.0,21,2,30,45),(18904,'0941002','05',1,23,'전학년','교양선택','수학I',3,'','Grade','','윤재헌',3.0,3.0,0.0,0.0,21,8,30,44),(18905,'0941002','06',1,23,'전학년','교양선택','수학I',3,'','Grade','','금상호',3.0,3.0,0.0,0.0,21,6,30,42),(18906,'0941002','07',1,23,'전학년','교양선택','수학I',3,'','Grade','','최은애',3.0,3.0,0.0,0.0,21,1,30,40),(18907,'0941002','08',1,23,'전학년','교양선택','수학I',3,'','Grade','','임효진',3.0,3.0,0.0,0.0,21,1,30,40),(18908,'0941002','09',1,23,'전학년','교양선택','수학I',3,'','Grade','','이석종',3.0,3.0,0.0,0.0,21,5,30,33),(18909,'0941002','10',1,23,'전학년','교양선택','수학I',3,'','Grade','','진상돈',3.0,3.0,0.0,0.0,21,4,30,30),(18910,'0941002','11',1,23,'전학년','교양선택','수학I',3,'','Grade','','엄연석',3.0,3.0,0.0,0.0,21,0,30,35),(18911,'0941002','12',1,23,'전학년','교양선택','수학I',3,'','Grade','','김겸순',3.0,3.0,0.0,0.0,21,3,30,41),(18912,'0941002','13',1,23,'전학년','교양선택','수학I',3,'','Grade','','김은희',3.0,3.0,0.0,0.0,21,1,30,38),(18913,'0941002','14',1,23,'전학년','교양선택','수학I',3,'','Grade','','김은희',3.0,3.0,0.0,0.0,21,5,30,38),(18914,'0941002','15',1,23,'전학년','교양선택','수학I',3,'','Grade','','염성준',3.0,3.0,0.0,0.0,21,9,30,41),(18915,'0941002','16',1,23,'전학년','교양선택','수학I',3,'','Grade','','신재민',3.0,3.0,0.0,0.0,21,6,30,47),(18916,'0941002','17',1,23,'전학년','교양선택','수학I',3,'','Grade','','최은애',3.0,3.0,0.0,0.0,21,1,30,35),(18917,'0941002','18',1,23,'전학년','교양선택','수학I',3,'','Grade','','임효진',3.0,3.0,0.0,0.0,21,12,30,41),(18918,'0941002','19',1,23,'전학년','교양선택','수학I',3,'','Grade','','엄연석',3.0,3.0,0.0,0.0,21,2,30,45),(18919,'0941002','20',1,23,'전학년','교양선택','수학I',3,'','Grade','','피영진',3.0,3.0,0.0,0.0,21,1,30,34),(18920,'0941002','21',1,23,'전학년','교양선택','수학I',3,'','Grade','','최진필',3.0,3.0,0.0,0.0,21,6,30,33),(18921,'0941002','22',1,23,'전학년','교양선택','수학I',3,'','Grade','','최은애',3.0,3.0,0.0,0.0,21,5,30,42),(18922,'0941002','23',1,23,'전학년','교양선택','수학I',3,'','Grade','','엄연석',3.0,3.0,0.0,0.0,21,0,30,47),(18923,'0941002','24',1,23,'전학년','교양선택','수학I',3,'','Grade','','정태은',3.0,3.0,0.0,0.0,21,1,30,37),(18924,'0941002','25',1,23,'전학년','교양선택','수학I',3,'','Grade','','염성준',3.0,3.0,0.0,0.0,21,3,30,39),(18925,'0941002','26',1,23,'전학년','교양선택','수학I',3,'','Grade','','윤영호',3.0,3.0,0.0,0.0,21,1,30,35),(18926,'0941002','27',1,23,'전학년','교양선택','수학I',3,'','Grade','','한유두',3.0,3.0,0.0,0.0,21,1,30,40),(18927,'0941002','28',1,23,'전학년','교양선택','수학I',3,'','Grade','','윤상민',3.0,3.0,0.0,0.0,21,0,30,43),(18928,'0941002','29',1,23,'전학년','교양선택','수학I',3,'','Grade','','염성준',3.0,3.0,0.0,0.0,21,3,30,41),(18929,'0941002','30',1,23,'전학년','교양선택','수학I',3,'','Grade','','박병도',3.0,3.0,0.0,0.0,21,1,30,42),(18930,'0941002','31',1,23,'전학년','교양선택','수학I',3,'','Grade','','피영진',3.0,3.0,0.0,0.0,21,1,30,39),(18931,'0941002','32',1,23,'전학년','교양선택','수학I',3,'','Grade','','한유두',3.0,3.0,0.0,0.0,21,5,30,40),(18932,'0941002','33',1,23,'전학년','교양선택','수학I',3,'','Grade','','윤상민',3.0,3.0,0.0,0.0,21,10,30,38),(18933,'0941002','34',1,23,'전학년','교양선택','수학I',3,'','Grade','','김겸순',3.0,3.0,0.0,0.0,21,0,30,36),(18934,'0941002','35',1,23,'전학년','교양선택','수학I',3,'','Grade','','김은희',3.0,3.0,0.0,0.0,21,0,30,30),(18935,'0941003','01',1,23,'전학년','교양선택','수학II',3,'','Grade','','최진필',3.0,3.0,0.0,0.0,21,30,40,40),(18936,'0941004','01',1,23,'전학년','교양선택','기초대학수학*',0,'','PassFail','','김겸순',3.0,3.0,0.0,0.0,21,3,40,11),(18937,'0941004','02',1,23,'전학년','교양선택','기초대학수학*',0,'','PassFail','','한유두',3.0,3.0,0.0,0.0,21,4,40,31),(18938,'5108112','01',8,6,'1학년','전공선택','미래설계탐색',1,'일반','Grade','','이의신',0.0,0.0,2.0,1.0,21,3,100,105),(18939,'5108002','01',8,5,'2학년','전공필수','회로이론 I',3,'일반','Grade','','이인성',3.0,3.0,0.0,0.0,21,9,40,34),(18940,'5108002','02',8,5,'2학년','전공필수','회로이론 I',3,'일반','Grade','','김남석',3.0,3.0,0.0,0.0,21,80,40,40),(18941,'5108002','03',8,5,'2학년','전공필수','회로이론 I',3,'일반','Grade','','최원석',3.0,3.0,0.0,0.0,21,28,40,55),(18942,'5108003','01',8,5,'2학년','전공필수','공학수학 I',3,'일반','Grade','','심동규',3.0,3.0,0.0,0.0,21,66,40,41),(18943,'5108003','02',8,5,'2학년','전공필수','공학수학 I',3,'일반','Grade','','정수엽',3.0,3.0,0.0,0.0,21,28,40,29),(18944,'5108003','03',8,5,'2학년','전공필수','공학수학 I',3,'일반','Grade','','최원석',3.0,3.0,0.0,0.0,21,8,40,41),(18945,'5108004','01',8,5,'2학년','전공필수','회로실험 I',2,'일반','Grade','','김태준',0.0,0.0,4.0,2.0,21,58,25,28),(18946,'5108004','02',8,5,'2학년','전공필수','회로실험 I',2,'일반','Grade','','김남석',0.0,0.0,4.0,2.0,21,27,25,25),(18947,'5108004','03',8,5,'2학년','전공필수','회로실험 I',2,'일반','Grade','','김영민',0.0,0.0,4.0,2.0,21,2,25,26),(18948,'5108004','04',8,5,'2학년','전공필수','회로실험 I',2,'일반','Grade','','김영민',0.0,0.0,4.0,2.0,21,13,25,25),(18949,'5108005','01',8,6,'2학년','전공선택','디지털공학',3,'일반','Grade','','최민',3.0,3.0,0.0,0.0,21,27,50,32),(18950,'5108005','02',8,6,'2학년','전공선택','디지털공학',3,'일반','Grade','Y','최준성',3.0,3.0,0.0,0.0,21,60,50,50),(18951,'5108075','01',8,5,'2학년','전공필수','정보통신개론',3,'일반','Grade','','최성곤',3.0,3.0,0.0,0.0,21,11,35,40),(18952,'5108075','02',8,5,'2학년','전공필수','정보통신개론',3,'일반','Grade','','이의신',3.0,3.0,0.0,0.0,21,66,35,40),(18953,'5108075','03',8,5,'2학년','전공필수','정보통신개론',3,'일반','Grade','','김태홍',3.0,3.0,0.0,0.0,21,35,35,40),(18954,'5108076','01',8,5,'2학년','전공필수','전자기학',3,'일반','Grade','','정재욱',3.0,3.0,0.0,0.0,21,65,35,35),(18955,'5108076','02',8,5,'2학년','전공필수','전자기학',3,'일반','Grade','Y','최준성',3.0,3.0,0.0,0.0,21,34,35,50),(18956,'5108076','03',8,5,'2학년','전공필수','전자기학',3,'일반','Grade','','정수엽',3.0,3.0,0.0,0.0,21,8,35,27),(18957,'5108097','01',8,6,'2학년','전공선택','오픈소스 기초프로젝트',1,'일반','Grade','','강현수',0.0,0.0,2.0,1.0,21,15,40,33),(18958,'5108097','02',8,6,'2학년','전공선택','오픈소스 기초프로젝트',1,'일반','Grade','','이의신',0.0,0.0,2.0,1.0,21,58,40,45),(18959,'5108097','03',8,6,'2학년','전공선택','오픈소스 기초프로젝트',1,'일반','Grade','','정수엽',0.0,0.0,2.0,1.0,21,13,40,19),(18960,'5108113','01',8,6,'2학년','전공선택','고급컴퓨터프로그래밍',3,'일반','Grade','','류성필',2.0,2.0,2.0,1.0,21,31,30,28),(18961,'5108013','01',8,5,'3학년','전공필수','전자회로 I',3,'일반','Grade','','정재욱',3.0,3.0,0.0,0.0,21,21,30,31),(18962,'5108013','02',8,5,'3학년','전공필수','전자회로 I',3,'일반','Grade','','김남석',3.0,3.0,0.0,0.0,21,38,30,29),(18963,'5108013','03',8,5,'3학년','전공필수','전자회로 I',3,'일반','Grade','','조경록',3.0,3.0,0.0,0.0,21,23,30,25),(18964,'5108014','01',8,5,'3학년','전공필수','통신공학',3,'일반','Grade','','김영주',3.0,3.0,0.0,0.0,21,34,35,35),(18965,'5108014','02',8,5,'3학년','전공필수','통신공학',3,'일반','Grade','','강현수',3.0,3.0,0.0,0.0,21,24,35,33),(18966,'5108014','03',8,5,'3학년','전공필수','통신공학',3,'일반','Grade','','심동규',3.0,3.0,0.0,0.0,21,21,35,21),(18967,'5108018','01',8,5,'3학년','전공필수','자료구조',3,'일반','Grade','','유재수',3.0,3.0,0.0,0.0,21,42,45,48),(18968,'5108018','02',8,5,'3학년','전공필수','자료구조',3,'일반','Grade','','김태홍',3.0,3.0,0.0,0.0,21,43,45,45),(18969,'5108020','01',8,6,'3학년','전공선택','데이터통신설계',3,'일반','Grade','','최성곤',3.0,3.0,0.0,0.0,21,12,35,33),(18970,'5108020','02',8,6,'3학년','전공선택','데이터통신설계',3,'일반','Grade','','김태준',3.0,3.0,0.0,0.0,21,51,35,36),(18971,'5108023','01',8,6,'3학년','전공선택','신호 및 시스템',3,'일반','Grade','Y','최준성',3.0,3.0,0.0,0.0,21,45,40,44),(18972,'5108023','02',8,6,'3학년','전공선택','신호 및 시스템',3,'일반','Grade','','정수엽',3.0,3.0,0.0,0.0,21,13,40,20),(18973,'5108044','01',8,6,'3학년','전공선택','자바프로그래밍',3,'일반','Grade','','최민',2.0,2.0,2.0,1.0,21,32,50,33),(18974,'5108099','01',8,6,'3학년','전공선택','오픈소스 전문프로젝트',1,'일반','Grade','','김태준',0.0,0.0,2.0,1.0,21,44,40,42),(18975,'5108099','02',8,6,'3학년','전공선택','오픈소스 전문프로젝트',1,'일반','Grade','','유재수',0.0,0.0,2.0,1.0,21,23,40,28),(18976,'5108107','01',8,6,'3학년','전공선택','운영체제',3,'일반','Grade','','최민',3.0,3.0,0.0,0.0,21,71,50,50),(18977,'5108095','01',8,6,'4학년','전공선택','딥러닝이론및실습',3,'일반','Grade','','강현수',2.0,2.0,2.0,1.0,21,43,50,50),(18978,'5108102','01',8,5,'4학년','전공필수','캡스톤디자인',1,'일반','Grade','','심동규',0.0,0.0,2.0,1.0,21,14,30,21),(18979,'5108102','02',8,5,'4학년','전공필수','캡스톤디자인',1,'일반','Grade','','김태홍',0.0,0.0,2.0,1.0,21,13,30,20),(18980,'5108102','03',8,5,'4학년','전공필수','캡스톤디자인',1,'일반','Grade','','최준성',0.0,0.0,2.0,1.0,21,22,30,29),(18981,'5108102','04',8,5,'4학년','전공필수','캡스톤디자인',1,'일반','Grade','','최민',0.0,0.0,2.0,1.0,21,28,30,31),(18982,'5108103','01',8,6,'4학년','전공선택','임베디드IoT응용실험',2,'일반','Grade','','김영주',0.0,0.0,4.0,2.0,21,32,40,38),(18983,'5108103','03',8,6,'4학년','전공선택','임베디드IoT응용실험',2,'일반','Grade','','임종태',0.0,0.0,4.0,2.0,21,23,40,24),(18984,'5108104','01',8,6,'4학년','전공선택','지능형네트워크',3,'일반','Grade','','최성곤',3.0,3.0,0.0,0.0,21,47,50,49),(18985,'5108119','01',8,6,'4학년','전공선택','SoC설계및실습',3,'일반','Grade','','김남석',2.0,2.0,2.0,1.0,21,24,50,26),(18986,'5108120','01',8,6,'4학년','전공선택','인공지능입문',3,'일반','Grade','','김영주',3.0,3.0,0.0,0.0,21,54,50,50),(18987,'5108121','01',8,6,'4학년','전공선택','지능형통신공학',3,'일반','Grade','','김태준',3.0,3.0,0.0,0.0,21,39,50,44),(18988,'5100012','04',8,6,'4학년','전공선택','창업산학초청세미나Ⅰ',1,'일반','PassFail','','심동규',0.0,0.0,2.0,1.0,21,55,200,60),(18989,'0921001','01',1,13,'전학년','교양선택','과학글쓰기',3,'','Grade','','안리경',3.0,3.0,0.0,0.0,21,13,45,24),(18990,'0921003','01',1,13,'전학년','교양선택','문학의이해',3,'','Grade','','권정우',3.0,3.0,0.0,0.0,21,20,50,49),(18991,'0921004','01',1,13,'전학년','교양선택','중국문화의이해',3,'','Grade','','이욱진',3.0,3.0,0.0,0.0,21,3,80,29),(18992,'0921004','02',1,13,'전학년','교양선택','중국문화의이해',3,'','Grade','','조현국',3.0,3.0,0.0,0.0,21,30,80,80),(18993,'0921005','01',1,13,'전학년','교양선택','독일과독일사람',3,'','Grade','','이영기',3.0,3.0,0.0,0.0,21,5,40,27),(18994,'0921006','01',1,13,'전학년','교양선택','한자와한문',3,'','Grade','','어강석',3.0,3.0,0.0,0.0,21,34,50,50),(18995,'0921007','01',1,13,'전학년','교양선택','러시아문학과예술의산책',3,'','Grade','','김원한',3.0,3.0,0.0,0.0,21,10,50,50),(18996,'0921008','01',1,13,'전학년','교양선택','프랑스문화와예술기행',3,'','Grade','','정지운',3.0,3.0,0.0,0.0,21,104,80,80),(18997,'0921008','02',1,13,'전학년','교양선택','프랑스문화와예술기행',3,'','Grade','','곽노경',3.0,3.0,0.0,0.0,21,53,80,80),(18998,'0921008','03',1,13,'전학년','교양선택','프랑스문화와예술기행',3,'','Grade','','신명숙',3.0,3.0,0.0,0.0,21,63,80,93),(18999,'0921009','01',1,13,'전학년','교양선택','현대 한국소설과의 만남',3,'','Grade','','이익성',3.0,3.0,0.0,0.0,21,2,50,38),(19000,'0921010','01',1,13,'전학년','교양선택','독일예술문화산책',3,'','Grade','','문광훈',3.0,3.0,0.0,0.0,21,0,40,1),(19001,'0921011','01',1,13,'전학년','교양선택','언어로의 초대',3,'','Grade','','최성호',3.0,3.0,0.0,0.0,21,16,60,60),(19002,'0921013','01',1,13,'전학년','교양선택','사랑과 문화',3,'','Grade','','김경화, 안상원',3.0,3.0,0.0,0.0,21,27,80,80),(19003,'0921014','01',1,13,'전학년','교양선택','한국 대중문화의 이해',3,'','Grade','','김영미',3.0,3.0,0.0,0.0,21,7,45,45),(19004,'0921016','01',1,13,'전학년','교양선택','만화 인문학',3,'','Grade','','백용식',3.0,3.0,0.0,0.0,21,22,80,35),(19005,'0921017','01',1,13,'전학년','교양선택','고전으로 읽는 한국의 문화코드',3,'','Grade','','어강석',3.0,3.0,0.0,0.0,21,26,50,49),(19006,'0921018','01',1,13,'전학년','교양선택','현대 한국사회의 이해',3,'','Grade','','이진숙',3.0,3.0,0.0,0.0,21,2,40,40),(19007,'0921020','01',1,13,'전학년','교양선택','한글맞춤법의 이론과 실제',3,'','Grade','','미지정',3.0,3.0,0.0,0.0,21,17,50,50),(19008,'0921021','01',1,13,'전학년','교양선택','우리의선사문화',3,'','Grade','','김은영',3.0,3.0,0.0,0.0,21,1,50,48),(19009,'0921022','01',1,13,'전학년','교양선택','생활속의철학',3,'','Grade','','김상록',3.0,3.0,0.0,0.0,21,9,50,48),(19010,'0921022','02',1,13,'전학년','교양선택','생활속의철학',3,'','Grade','','최천식',3.0,3.0,0.0,0.0,21,12,50,37),(19011,'0921023','01',1,13,'전학년','교양선택','세계문화유산의 이해',3,'','Grade','','윤진',3.0,3.0,0.0,0.0,21,21,60,60),(19012,'0921023','02',1,13,'전학년','교양선택','세계문화유산의 이해',3,'','Grade','','김헌기',3.0,3.0,0.0,0.0,21,28,100,99),(19013,'0921023','03',1,13,'전학년','교양선택','세계문화유산의 이해',3,'','Grade','','배인성',3.0,3.0,0.0,0.0,21,121,100,110),(19014,'0921023','04',1,13,'전학년','교양선택','세계문화유산의 이해',3,'','Grade','','강정석',3.0,3.0,0.0,0.0,21,7,100,27),(19015,'0921024','01',1,13,'전학년','교양선택','세계 미술문화재 탐구',3,'','Grade','','박화선',3.0,3.0,0.0,0.0,21,27,70,70),(19016,'0921025','01',1,13,'전학년','교양선택','대중문화와 예술의 이해',3,'','Grade','','윤석빈',3.0,3.0,0.0,0.0,21,12,70,49),(19017,'0921026','01',1,13,'전학년','교양선택','논리와 비판적 사고',3,'','Grade','','박현숙',3.0,3.0,0.0,0.0,21,10,50,48),(19018,'0921029','01',1,13,'전학년','교양선택','철학고전읽기',3,'','Grade','','윤석빈',3.0,3.0,0.0,0.0,21,5,50,4),(19019,'0921031','01',1,13,'전학년','교양선택','한국고대문화 산책',3,'','Grade','','장덕원',3.0,3.0,0.0,0.0,21,53,70,86),(19020,'0921031','02',1,13,'전학년','교양선택','한국고대문화 산책',3,'','Grade','','양시은, 장덕원',3.0,3.0,0.0,0.0,21,11,70,23),(19021,'0921033','01',1,13,'전학년','교양선택','다문화와 세계종교 기행',3,'','Grade','','정세근',3.0,3.0,0.0,0.0,21,1,50,5),(19022,'0921034','01',1,13,'전학년','교양선택','인간·상징·커뮤니케이션',3,'','Grade','','안상원',3.0,3.0,0.0,0.0,21,12,50,27),(19023,'0921037','01',1,13,'전학년','교양선택','문화로 보는 생활사',3,'','Grade','','김호진',3.0,3.0,0.0,0.0,21,11,80,29),(19024,'0921037','02',1,13,'전학년','교양선택','문화로 보는 생활사',3,'','Grade','','이승민',3.0,3.0,0.0,0.0,21,86,80,79),(19025,'0921037','03',1,13,'전학년','교양선택','문화로 보는 생활사',3,'','Grade','','이승민',3.0,3.0,0.0,0.0,21,41,80,79),(19026,'0921037','04',1,13,'전학년','교양선택','문화로 보는 생활사',3,'','Grade','','미지정',3.0,3.0,0.0,0.0,21,33,80,79),(19027,'0921038','01',1,13,'전학년','교양선택','한국 속의 세계문화유산',3,'','Grade','','강민식',3.0,3.0,0.0,0.0,21,5,80,31),(19028,'0921042','01',1,13,'전학년','교양선택','발표와 토론',3,'','Grade','','미지정',3.0,3.0,0.0,0.0,21,2,45,0),(19029,'0921043','01',1,13,'전학년','교양선택','영화 속의 철학',3,'','Grade','','심의용',3.0,3.0,0.0,0.0,21,5,50,4),(19030,'0921050','01',1,13,'전학년','교양선택','여행의 세계',3,'','Grade','','정원욱',3.0,3.0,0.0,0.0,21,66,40,42),(19031,'0921056','01',1,13,'전학년','교양선택','문자로 읽는 아시아의 문화와 사상',3,'','Grade','','미지정, 박보람',3.0,3.0,0.0,0.0,21,137,50,51),(19032,'0921058','01',1,13,'전학년','교양선택','어른 심리여행 안내서',3,'','Grade','','이새별',3.0,3.0,0.0,0.0,21,7,70,70),(19033,'0921059','01',1,13,'전학년','교양선택','동서양의 예술과 미학',3,'','Grade','','미지정, 정세근',3.0,3.0,0.0,0.0,21,55,50,50),(19034,'0921060','01',1,13,'전학년','교양선택','로마 문화와 함께 배우는 교양 라틴어',3,'','Grade','','윤진',3.0,3.0,0.0,0.0,21,13,60,60),(19035,'0921061','01',1,13,'전학년','교양선택','디지털 미디어와 내러티브',3,'','Grade','','이지영',3.0,3.0,0.0,0.0,21,21,80,52),(19036,'0921062','01',1,13,'전학년','교양선택','비유와 우화로 보는 철학 산책',3,'','Grade','','최천식',3.0,3.0,0.0,0.0,21,32,60,60),(19037,'0921064','01',1,13,'전학년','교양선택','시민생활과 행복한 삶',3,'','Grade','','손경찬',3.0,3.0,0.0,0.0,21,17,70,70),(19038,'0921065','01',1,13,'전학년','교양선택','공간과 스포츠',3,'','Grade','','윤현위',3.0,3.0,0.0,0.0,21,3,32,2),(19039,'0921066','01',1,13,'전학년','교양선택','세계의 위대한 생각들',3,'','Grade','','서대원',3.0,3.0,0.0,0.0,21,1,45,0),(19040,'0921067','01',1,13,'전학년','교양선택','스포츠인문학',3,'','Grade','','옥광',3.0,3.0,0.0,0.0,21,5,50,6),(19041,'0921068','01',1,13,'전학년','교양선택','호모 사피엔스에서 한글까지',3,'','Grade','','김태인',3.0,3.0,0.0,0.0,21,44,60,60),(19042,'0921070','01',1,13,'전학년','교양선택','국제 이주와 지역 사회',3,'','Grade','','김태옥',3.0,3.0,0.0,0.0,21,0,61,0),(19043,'0921071','01',1,13,'전학년','교양선택','신화와 철학',3,'','Grade','','오지은',3.0,3.0,0.0,0.0,21,7,60,15),(19044,'0921072','01',1,13,'전학년','교양선택','마음과 인공지능',3,'','Grade','','김준열',3.0,3.0,0.0,0.0,21,6,50,32),(19045,'0921073','01',1,13,'전학년','교양선택','에로스의 진화',3,'','Grade','','허준',3.0,3.0,0.0,0.0,21,8,80,16),(19046,'0921074','01',1,13,'전학년','교양선택','철학으로 탐구하는 정체성과 성차',3,'','Grade','','조주영',3.0,3.0,0.0,0.0,21,1,60,16),(19047,'0912001','01',1,9,'전학년','교양선택','대학 글쓰기',3,'','Grade','','이현서',3.0,3.0,0.0,0.0,21,6,35,36),(19048,'0912001','02',1,9,'전학년','교양선택','대학 글쓰기',3,'','Grade','','권미란',3.0,3.0,0.0,0.0,21,8,35,36),(19049,'0912001','03',1,9,'전학년','교양선택','대학 글쓰기',3,'','Grade','','이현서',3.0,3.0,0.0,0.0,21,3,35,41),(19050,'0912001','04',1,9,'전학년','교양선택','대학 글쓰기',3,'','Grade','','김용남',3.0,3.0,0.0,0.0,21,9,35,35),(19051,'0912001','05',1,9,'전학년','교양선택','대학 글쓰기',3,'','Grade','','전계영',3.0,3.0,0.0,0.0,21,6,35,42),(19052,'0912001','06',1,9,'전학년','교양선택','대학 글쓰기',3,'','Grade','','한경아',3.0,3.0,0.0,0.0,21,1,35,42),(19053,'0912001','07',1,9,'전학년','교양선택','대학 글쓰기',3,'','Grade','','오영록',3.0,3.0,0.0,0.0,21,12,35,42),(19054,'0912001','08',1,9,'전학년','교양선택','대학 글쓰기',3,'','Grade','','이향애',3.0,3.0,0.0,0.0,21,3,35,46),(19055,'0912001','09',1,9,'전학년','교양선택','대학 글쓰기',3,'','Grade','','임세화',3.0,3.0,0.0,0.0,21,3,35,35),(19056,'0912001','10',1,9,'전학년','교양선택','대학 글쓰기',3,'','Grade','','박성준',3.0,3.0,0.0,0.0,21,3,35,36),(19057,'0912001','11',1,9,'전학년','교양선택','대학 글쓰기',3,'','Grade','','전계영',3.0,3.0,0.0,0.0,21,4,35,49),(19058,'0912001','12',1,9,'전학년','교양선택','대학 글쓰기',3,'','Grade','','김은일',3.0,3.0,0.0,0.0,21,6,35,40),(19059,'0912001','13',1,9,'전학년','교양선택','대학 글쓰기',3,'','Grade','','김은일',3.0,3.0,0.0,0.0,21,4,35,35),(19060,'0912001','14',1,9,'전학년','교양선택','대학 글쓰기',3,'','Grade','','김은일',3.0,3.0,0.0,0.0,21,4,35,41),(19061,'0912001','15',1,9,'전학년','교양선택','대학 글쓰기',3,'','Grade','','박성준',3.0,3.0,0.0,0.0,21,5,35,50),(19062,'0912001','16',1,9,'전학년','교양선택','대학 글쓰기',3,'','Grade','','김용남',3.0,3.0,0.0,0.0,21,4,35,36),(19063,'0912001','17',1,9,'전학년','교양선택','대학 글쓰기',3,'','Grade','','이향애',3.0,3.0,0.0,0.0,21,2,35,36),(19064,'0912001','18',1,9,'전학년','교양선택','대학 글쓰기',3,'','Grade','','미지정',3.0,3.0,0.0,0.0,21,0,35,42),(19065,'0912001','19',1,9,'전학년','교양선택','대학 글쓰기',3,'','Grade','','전계영',3.0,3.0,0.0,0.0,21,2,35,35),(19066,'0912001','20',1,9,'전학년','교양선택','대학 글쓰기',3,'','Grade','','미지정',3.0,3.0,0.0,0.0,21,0,35,35),(19067,'0912001','21',1,9,'전학년','교양선택','대학 글쓰기',3,'','Grade','','권미란',3.0,3.0,0.0,0.0,21,3,35,35),(19068,'0912001','22',1,9,'전학년','교양선택','대학 글쓰기',3,'','Grade','','오영록',3.0,3.0,0.0,0.0,21,6,35,40),(19069,'0912001','23',1,9,'전학년','교양선택','대학 글쓰기',3,'','Grade','','임세화',3.0,3.0,0.0,0.0,21,1,35,37),(19070,'0912001','24',1,9,'전학년','교양선택','대학 글쓰기',3,'','Grade','','김용남',3.0,3.0,0.0,0.0,21,3,35,35),(19071,'0912001','25',1,9,'전학년','교양선택','대학 글쓰기',3,'','Grade','','미지정',3.0,3.0,0.0,0.0,21,1,35,45),(19072,'0912001','26',1,9,'전학년','교양선택','대학 글쓰기',3,'','Grade','','김보현',3.0,3.0,0.0,0.0,21,1,35,38),(19073,'0912001','27',1,9,'전학년','교양선택','대학 글쓰기',3,'','Grade','','김보현',3.0,3.0,0.0,0.0,21,4,35,40),(19074,'0912001','28',1,9,'전학년','교양선택','대학 글쓰기',3,'','Grade','','마희정',3.0,3.0,0.0,0.0,21,0,35,35),(19075,'0912001','29',1,9,'전학년','교양선택','대학 글쓰기',3,'','Grade','','마희정',3.0,3.0,0.0,0.0,21,0,35,29),(19076,'0912001','30',1,9,'전학년','교양선택','대학 글쓰기',3,'','Grade','','홍경화',3.0,3.0,0.0,0.0,21,3,35,48),(19077,'0912001','31',1,9,'전학년','교양선택','대학 글쓰기',3,'','Grade','','미지정',3.0,3.0,0.0,0.0,21,1,35,57),(19078,'0912001','32',1,9,'전학년','교양선택','대학 글쓰기',3,'','Grade','','마희정',3.0,3.0,0.0,0.0,21,4,35,15),(19079,'0912001','33',1,9,'전학년','교양선택','대학 글쓰기',3,'','Grade','','마희정',3.0,3.0,0.0,0.0,21,2,35,13),(19080,'0912001','34',1,9,'전학년','교양선택','대학 글쓰기',3,'','Grade','','이지원',3.0,3.0,0.0,0.0,21,2,35,35),(19081,'0912001','35',1,9,'전학년','교양선택','대학 글쓰기',3,'','Grade','','안리경',3.0,3.0,0.0,0.0,21,0,35,35),(19082,'0912001','36',1,9,'전학년','교양선택','대학 글쓰기',3,'','Grade','','미지정',3.0,3.0,0.0,0.0,21,1,35,38),(19083,'0912001','37',1,9,'전학년','교양선택','대학 글쓰기',3,'','Grade','','한경아',3.0,3.0,0.0,0.0,21,0,35,32),(19084,'0912002','01',1,9,'전학년','교양선택','글쓰기와 발표',3,'','Grade','','김혜정',3.0,3.0,0.0,0.0,21,1,35,37),(19085,'0912002','02',1,9,'전학년','교양선택','글쓰기와 발표',3,'','Grade','','김정선',3.0,3.0,0.0,0.0,21,3,35,35),(19086,'0912002','03',1,9,'전학년','교양선택','글쓰기와 발표',3,'','Grade','','김혜정',3.0,3.0,0.0,0.0,21,0,35,35),(19087,'0912002','04',1,9,'전학년','교양선택','글쓰기와 발표',3,'','Grade','','이지원',3.0,3.0,0.0,0.0,21,3,35,35),(19088,'0912002','05',1,9,'전학년','교양선택','글쓰기와 발표',3,'','Grade','','김보현',3.0,3.0,0.0,0.0,21,0,35,37),(19089,'0912002','06',1,9,'전학년','교양선택','글쓰기와 발표',3,'','Grade','','홍경화',3.0,3.0,0.0,0.0,21,6,35,47),(19090,'0912002','07',1,9,'전학년','교양선택','글쓰기와 발표',3,'','Grade','','이지원',3.0,3.0,0.0,0.0,21,4,35,35),(19091,'0912002','08',1,9,'전학년','교양선택','글쓰기와 발표',3,'','Grade','','김보현',3.0,3.0,0.0,0.0,21,3,35,35),(19092,'0912002','09',1,9,'전학년','교양선택','글쓰기와 발표',3,'','Grade','','미지정',3.0,3.0,0.0,0.0,21,0,35,47),(19093,'0912002','10',1,9,'전학년','교양선택','글쓰기와 발표',3,'','Grade','','이지원',3.0,3.0,0.0,0.0,21,3,35,35),(19094,'0912002','11',1,9,'전학년','교양선택','글쓰기와 발표',3,'','Grade','','미지정',3.0,3.0,0.0,0.0,21,1,35,36),(19095,'0912002','12',1,9,'전학년','교양선택','글쓰기와 발표',3,'','Grade','','이은경',3.0,3.0,0.0,0.0,21,2,35,36),(19096,'0912002','13',1,9,'전학년','교양선택','글쓰기와 발표',3,'','Grade','','김정선',3.0,3.0,0.0,0.0,21,1,35,35),(19097,'0912002','14',1,9,'전학년','교양선택','글쓰기와 발표',3,'','Grade','','한경아',3.0,3.0,0.0,0.0,21,0,35,38),(19098,'0912002','15',1,9,'전학년','교양선택','글쓰기와 발표',3,'','Grade','','이은경',3.0,3.0,0.0,0.0,21,1,35,38),(19099,'5121026','01',5,6,'4학년','전공선택','자동차인공지능',3,'일반','Grade','','황영배',3.0,3.0,0.0,0.0,21,17,40,13),(19100,'5121039','02',5,6,'4학년','전공선택','UROP I',1,'일반','PassFail','','김곤우',0.0,0.0,2.0,1.0,21,47,50,49),(19101,'0931010','01',1,18,'전학년','교양선택','알기 쉬운 인문학과 자연과학의 만남',3,'','Grade','','김영철',3.0,3.0,0.0,0.0,21,66,99,99),(19102,'0931012','01',1,18,'전학년','교양선택','공부에 대한 공부',3,'','Grade','','김종원',3.0,3.0,0.0,0.0,21,22,100,25),(19103,'0931016','01',1,18,'전학년','교양선택','산업과 기술의 사회사',3,'','Grade','','박권수',3.0,3.0,0.0,0.0,21,6,45,8),(19104,'0931017','01',1,18,'전학년','교양선택','우리의 문화: 기괴와 판타지, 미신과 과학',3,'','Grade','','박권수',3.0,3.0,0.0,0.0,21,10,45,24),(19105,'0931018','01',1,18,'전학년','교양선택','창의적 솔루션을 위한 융합디자인',3,'','Grade','','노상용, 임아재, 장성환, 정지홍',3.0,3.0,0.0,0.0,21,13,50,51),(19106,'0931020','01',1,18,'전학년','교양선택','배터리 속 소재 이야기',3,'','Grade','','박기대',3.0,3.0,0.0,0.0,21,84,100,101),(19107,'0931024','01',1,18,'전학년','교양선택','키워드; 컬러 인문학',3,'','Grade','','고봉만, 김경화, 안상원',3.0,3.0,0.0,0.0,21,7,80,17),(19108,'0931025','01',1,18,'전학년','교양선택','AI와 철학하기',3,'','Grade','','박보람',3.0,3.0,0.0,0.0,21,8,50,25),(19109,'5118001','01',2,5,'1학년','전공필수','이산수학',3,'일반','Grade','','박정희',3.0,3.0,0.0,0.0,21,13,40,43),(19110,'5118001','02',2,5,'1학년','전공필수','이산수학',3,'일반','Grade','','박정희',3.0,3.0,0.0,0.0,21,16,40,47),(19111,'5118001','03',2,5,'1학년','전공필수','이산수학',3,'일반','Grade','','박정희',3.0,3.0,0.0,0.0,21,15,40,48),(19112,'5118002','01',2,6,'1학년','전공선택','미래설계탐색',1,'일반','PassFail','','강윤석',0.0,0.0,2.0,1.0,21,7,80,84),(19113,'5118006','01',2,5,'2학년','전공필수','자료구조',3,'일반','Grade','','이의종',3.0,3.0,0.0,0.0,21,114,60,71),(19114,'5118006','02',2,5,'2학년','전공필수','자료구조',3,'일반','Grade','','강윤석',3.0,3.0,0.0,0.0,21,21,60,71),(19115,'5118007','01',2,5,'2학년','전공필수','컴퓨터구조',3,'일반','Grade','','조희승',3.0,3.0,0.0,0.0,21,25,40,40),(19116,'5118007','02',2,5,'2학년','전공필수','컴퓨터구조',3,'일반','Grade','','김세민',3.0,3.0,0.0,0.0,21,67,40,49),(19117,'5118007','03',2,5,'2학년','전공필수','컴퓨터구조',3,'일반','Grade','','김세민',3.0,3.0,0.0,0.0,21,60,40,45),(19118,'5118009','01',2,6,'2학년','전공선택','객체지향 프로그래밍',3,'일반','Grade','','최경주',2.0,2.0,2.0,1.0,21,49,40,40),(19119,'5118009','02',2,6,'2학년','전공선택','객체지향 프로그래밍',3,'일반','Grade','','김정훈',2.0,2.0,2.0,1.0,21,28,40,47),(19120,'5118009','03',2,6,'2학년','전공선택','객체지향 프로그래밍',3,'일반','Grade','','안광모',2.0,2.0,2.0,1.0,21,46,40,46),(19121,'5118010','01',2,6,'2학년','전공선택','선형대수학',3,'일반','Grade','','정태은',3.0,3.0,0.0,0.0,21,108,60,60),(19122,'5118011','01',2,6,'2학년','전공선택','미래설계구현',1,'일반','PassFail','','최경주',0.0,0.0,2.0,1.0,21,72,100,124),(19123,'5118012','01',2,6,'2학년','전공선택','오픈소스 기초프로젝트',2,'일반','Grade','','황경순',0.0,0.0,4.0,2.0,21,10,40,52),(19124,'5118012','02',2,6,'2학년','전공선택','오픈소스 기초프로젝트',2,'일반','Grade','','우창우',0.0,0.0,4.0,2.0,21,108,40,44),(19125,'5118020','01',2,5,'3학년','전공필수','운영체제',3,'일반','Grade','','조희승',3.0,3.0,0.0,0.0,21,32,40,34),(19126,'5118020','02',2,5,'3학년','전공필수','운영체제',3,'일반','Grade','','조희승',3.0,3.0,0.0,0.0,21,31,40,35),(19127,'5118020','03',2,5,'3학년','전공필수','운영체제',3,'일반','Grade','Y','홍신',3.0,3.0,0.0,0.0,21,24,40,32),(19128,'5118021','01',2,5,'3학년','전공필수','객체지향 설계',3,'일반','Grade','','홍장의',3.0,3.0,0.0,0.0,21,27,40,39),(19129,'5118021','02',2,5,'3학년','전공필수','객체지향 설계',3,'일반','Grade','','이의종',3.0,3.0,0.0,0.0,21,56,40,40),(19130,'5118021','03',2,5,'3학년','전공필수','객체지향 설계',3,'일반','Grade','','홍신',3.0,3.0,0.0,0.0,21,7,40,16),(19131,'5118022','01',2,6,'3학년','전공선택','컴퓨터 네트워크',3,'일반','Grade','','조오현',3.0,3.0,0.0,0.0,21,85,40,71),(19132,'5118023','01',2,6,'3학년','전공선택','창업기획',1,'일반','PassFail','','정지훈',0.0,0.0,2.0,1.0,21,49,80,79),(19133,'5119001','01',2,6,'3학년','전공선택','오픈소스 AI 웹소프트웨어',3,'일반','Grade','','류관희',2.0,2.0,2.0,1.0,21,35,40,38),(19134,'5119002','01',2,6,'3학년','전공선택','AI 오픈소스 전문프로젝트',2,'일반','Grade','','강재구, 이재성',0.0,0.0,4.0,2.0,21,11,40,15),(19135,'5119003','01',2,6,'3학년','전공선택','인공지능수학',3,'일반','Grade','','정지훈',3.0,3.0,0.0,0.0,21,51,40,46),(19136,'5120001','01',2,6,'3학년','전공선택','오픈소스 웹소프트웨어',3,'일반','Grade','Y','나스리디노프 아지즈',2.0,2.0,2.0,1.0,21,34,40,33),(19137,'5120002','01',2,6,'3학년','전공선택','컴파일러',3,'일반','Grade','','이재성',3.0,3.0,0.0,0.0,21,71,40,62),(19138,'5120003','01',2,6,'3학년','전공선택','오픈소스 전문프로젝트',2,'일반','Grade','','주영관',0.0,0.0,4.0,2.0,21,32,40,38),(19139,'5100012','06',2,6,'4학년','전공선택','창업산학초청세미나Ⅰ',1,'일반','PassFail','','조오현',0.0,0.0,2.0,1.0,21,56,100,59),(19140,'5118030','01',2,5,'4학년','전공필수','캡스톤 디자인',2,'일반','Grade','','류관희',0.0,0.0,4.0,2.0,21,68,40,67),(19141,'5118030','02',2,5,'4학년','전공필수','캡스톤 디자인',2,'일반','Grade','','나스리디노프 아지즈',0.0,0.0,4.0,2.0,21,47,40,53),(19142,'5118031','01',2,6,'4학년','전공선택','임베디드시스템',3,'일반','Grade','','이병훈',2.0,2.0,2.0,1.0,21,49,40,40),(19143,'5118033','01',2,6,'4학년','전공선택','알고리즘과 문제해결기법',3,'일반','Grade','','김정훈, 류관희, 홍신',2.0,2.0,2.0,1.0,21,36,40,38),(19144,'5119008','01',2,6,'4학년','전공선택','기계학습',3,'일반','Grade','','정지훈',3.0,3.0,0.0,0.0,21,33,40,38),(19145,'5119008','02',2,6,'4학년','전공선택','기계학습',3,'일반','Grade','','강윤석',3.0,3.0,0.0,0.0,21,49,40,46),(19146,'5119009','01',2,6,'4학년','전공선택','컴퓨터 비전',3,'일반','Grade','','최경주',3.0,3.0,0.0,0.0,21,45,40,39),(19147,'5119010','01',2,6,'4학년','전공선택','데이터 사이언스',3,'일반','Grade','','강윤석',2.0,2.0,2.0,1.0,21,56,40,45),(19148,'5120008','01',2,6,'4학년','전공선택','빅데이터시스템설계',3,'일반','Grade','','나스리디노프 아지즈',2.0,2.0,2.0,1.0,21,21,40,28),(19149,'5120009','01',2,6,'4학년','전공선택','클라우드 컴퓨팅',3,'일반','Grade','','안광모',3.0,3.0,0.0,0.0,21,79,40,48),(19150,'5120010','01',2,6,'4학년','전공선택','소프트웨어테스팅',3,'일반','Grade','','홍신',3.0,3.0,0.0,0.0,21,19,40,29),(19151,'5120011','01',2,6,'4학년','전공선택','정보·컴퓨터 교재연구 및 지도법',3,'일반','Grade','','장순선',3.0,3.0,0.0,0.0,21,2,40,5),(19152,'0941006','01',1,22,'전학년','교양선택','일반물리학및실험 I',3,'','Grade','','방준혁',3.0,3.0,2.0,1.0,21,6,48,47),(19153,'0941006','02',1,22,'전학년','교양선택','일반물리학및실험 I',3,'','Grade','','임은지',3.0,3.0,2.0,1.0,21,4,48,48),(19154,'0941006','03',1,22,'전학년','교양선택','일반물리학및실험 I',3,'','Grade','','김동현',3.0,3.0,2.0,1.0,21,2,48,48),(19155,'0941006','04',1,22,'전학년','교양선택','일반물리학및실험 I',3,'','Grade','','김정한',3.0,3.0,2.0,1.0,21,1,48,48),(19156,'0941006','05',1,22,'전학년','교양선택','일반물리학및실험 I',3,'','Grade','','구재한',3.0,3.0,2.0,1.0,21,4,48,47),(19157,'0941006','06',1,22,'전학년','교양선택','일반물리학및실험 I',3,'','Grade','','김경섭',3.0,3.0,2.0,1.0,21,9,48,48),(19158,'0941006','07',1,22,'전학년','교양선택','일반물리학및실험 I',3,'','Grade','','김강배',3.0,3.0,2.0,1.0,21,12,48,49),(19159,'0941006','08',1,22,'전학년','교양선택','일반물리학및실험 I',3,'','Grade','','임영롱',3.0,3.0,2.0,1.0,21,0,48,48),(19160,'0941006','09',1,22,'전학년','교양선택','일반물리학및실험 I',3,'','Grade','','강현구, 박혜연',3.0,3.0,2.0,1.0,21,1,48,48),(19161,'0941006','10',1,22,'전학년','교양선택','일반물리학및실험 I',3,'','Grade','','김도언',3.0,3.0,2.0,1.0,21,6,48,48),(19162,'0941006','11',1,22,'전학년','교양선택','일반물리학및실험 I',3,'','Grade','','이현석',3.0,3.0,2.0,1.0,21,2,48,48),(19163,'0941006','12',1,22,'전학년','교양선택','일반물리학및실험 I',3,'','Grade','','강병원',3.0,3.0,2.0,1.0,21,2,48,51),(19164,'0941006','13',1,22,'전학년','교양선택','일반물리학및실험 I',3,'','Grade','','김원섭',3.0,3.0,2.0,1.0,21,1,48,48),(19165,'0941006','14',1,22,'전학년','교양선택','일반물리학및실험 I',3,'','Grade','','김석성, 김원섭',3.0,3.0,2.0,1.0,21,1,48,48),(19166,'0941006','15',1,22,'전학년','교양선택','일반물리학및실험 I',3,'','Grade','','김주영',3.0,3.0,2.0,1.0,21,4,48,48),(19167,'0941006','16',1,22,'전학년','교양선택','일반물리학및실험 I',3,'','Grade','','김경완',3.0,3.0,2.0,1.0,21,4,48,45),(19168,'0941006','17',1,22,'전학년','교양선택','일반물리학및실험 I',3,'','Grade','','임영롱',3.0,3.0,2.0,1.0,21,3,48,48),(19169,'0941006','18',1,22,'전학년','교양선택','일반물리학및실험 I',3,'','Grade','','김석성',3.0,3.0,2.0,1.0,21,1,48,40),(19170,'0941006','19',1,22,'전학년','교양선택','일반물리학및실험 I',3,'','Grade','','유영상, 이수천',3.0,3.0,2.0,1.0,21,0,48,40),(19171,'0941006','20',1,22,'전학년','교양선택','일반물리학및실험 I',3,'','Grade','','이만희',3.0,3.0,2.0,1.0,21,3,48,48),(19172,'0941006','21',1,22,'전학년','교양선택','일반물리학및실험 I',3,'','Grade','','박혜연',3.0,3.0,2.0,1.0,21,5,48,48),(19173,'0941006','22',1,22,'전학년','교양선택','일반물리학및실험 I',3,'','Grade','','이수천',3.0,3.0,2.0,1.0,21,3,48,48),(19174,'0941006','23',1,22,'전학년','교양선택','일반물리학및실험 I',3,'','Grade','','안성진',3.0,3.0,2.0,1.0,21,1,48,33),(19175,'0941006','24',1,22,'전학년','교양선택','일반물리학및실험 I',3,'','Grade','','김경완',3.0,3.0,2.0,1.0,21,4,48,39),(19176,'0941006','25',1,22,'전학년','교양선택','일반물리학및실험 I',3,'','Grade','','김경섭',3.0,3.0,2.0,1.0,21,7,48,57),(19177,'0941006','26',1,22,'전학년','교양선택','일반물리학및실험 I',3,'','Grade','','김강배, 김도언',3.0,3.0,2.0,1.0,21,3,48,62),(19178,'0941009','01',1,22,'전학년','교양선택','일반화학 및 실험',3,'','Grade','','강광철',2.0,2.0,2.0,1.0,21,1,25,51),(19179,'0941009','02',1,22,'전학년','교양선택','일반화학 및 실험',3,'','Grade','','전종석',2.0,2.0,2.0,1.0,21,2,25,53),(19180,'0941009','03',1,22,'전학년','교양선택','일반화학 및 실험',3,'','Grade','','양도현',2.0,2.0,2.0,1.0,21,8,25,38),(19181,'0941009','04',1,22,'전학년','교양선택','일반화학 및 실험',3,'','Grade','','김주천',2.0,2.0,2.0,1.0,21,6,25,41),(19182,'0941010','01',1,22,'전학년','교양선택','일반화학및실험I',3,'','Grade','','김종원',2.0,2.0,2.0,1.0,21,6,25,44),(19183,'0941010','02',1,22,'전학년','교양선택','일반화학및실험I',3,'','Grade','','김남준',2.0,2.0,2.0,1.0,21,5,25,43),(19184,'0941010','03',1,22,'전학년','교양선택','일반화학및실험I',3,'','Grade','','박재우',2.0,2.0,2.0,1.0,21,4,25,41),(19185,'0941010','04',1,22,'전학년','교양선택','일반화학및실험I',3,'','Grade','','김영조',2.0,2.0,2.0,1.0,21,0,25,36),(19186,'0941010','05',1,22,'전학년','교양선택','일반화학및실험I',3,'','Grade','','오미경',2.0,2.0,2.0,1.0,21,1,25,30),(19187,'0941010','06',1,22,'전학년','교양선택','일반화학및실험I',3,'','Grade','','김철재',2.0,2.0,2.0,1.0,21,3,25,33),(19188,'0941010','07',1,22,'전학년','교양선택','일반화학및실험I',3,'','Grade','','양도현',2.0,2.0,2.0,1.0,21,8,25,36),(19189,'0941010','08',1,22,'전학년','교양선택','일반화학및실험I',3,'','Grade','','오미경',2.0,2.0,2.0,1.0,21,4,25,35),(19190,'0941010','09',1,22,'전학년','교양선택','일반화학및실험I',3,'','Grade','','김준우',2.0,2.0,2.0,1.0,21,2,25,32),(19191,'0941010','10',1,22,'전학년','교양선택','일반화학및실험I',3,'','Grade','','강성민',2.0,2.0,2.0,1.0,21,2,25,34),(19192,'0941010','11',1,22,'전학년','교양선택','일반화학및실험I',3,'','Grade','','홍병표',2.0,2.0,2.0,1.0,21,6,25,35),(19193,'0941010','12',1,22,'전학년','교양선택','일반화학및실험I',3,'','Grade','','정연환',2.0,2.0,2.0,1.0,21,1,25,36),(19194,'0941010','13',1,22,'전학년','교양선택','일반화학및실험I',3,'','Grade','','최혁준',2.0,2.0,2.0,1.0,21,4,25,31),(19195,'0941010','14',1,22,'전학년','교양선택','일반화학및실험I',3,'','Grade','','김기태',2.0,2.0,2.0,1.0,21,1,25,40),(19196,'0941010','15',1,22,'전학년','교양선택','일반화학및실험I',3,'','Grade','','최이삭',2.0,2.0,2.0,1.0,21,0,25,26),(19197,'0941010','16',1,22,'전학년','교양선택','일반화학및실험I',3,'','Grade','','홍병표',2.0,2.0,2.0,1.0,21,0,25,35),(19198,'0941010','17',1,22,'전학년','교양선택','일반화학및실험I',3,'','Grade','','홍아람',2.0,2.0,2.0,1.0,21,2,25,35),(19199,'0941010','18',1,22,'전학년','교양선택','일반화학및실험I',3,'','Grade','','정연환',2.0,2.0,2.0,1.0,21,5,25,54),(19200,'0941010','19',1,22,'전학년','교양선택','일반화학및실험I',3,'','Grade','','신재섭',2.0,2.0,2.0,1.0,21,1,25,24),(19201,'0941010','20',1,22,'전학년','교양선택','일반화학및실험I',3,'','Grade','','신재섭',2.0,2.0,2.0,1.0,21,2,127,127),(19202,'0941010','21',1,22,'전학년','교양선택','일반화학및실험I',3,'','Grade','','손운용',2.0,2.0,2.0,1.0,21,2,25,39),(19203,'0941010','22',1,22,'전학년','교양선택','일반화학및실험I',3,'','Grade','','최혁준',2.0,2.0,2.0,1.0,21,1,25,32),(19204,'0941010','23',1,22,'전학년','교양선택','일반화학및실험I',3,'','Grade','','김주천',2.0,2.0,2.0,1.0,21,0,25,27),(19205,'0941010','24',1,22,'전학년','교양선택','일반화학및실험I',3,'','Grade','','강광철',2.0,2.0,2.0,1.0,21,3,25,40),(19206,'0941010','25',1,22,'전학년','교양선택','일반화학및실험I',3,'','Grade','','전종석',2.0,2.0,2.0,1.0,21,4,25,43),(19207,'0941010','26',1,22,'전학년','교양선택','일반화학및실험I',3,'','Grade','','김민',2.0,2.0,2.0,1.0,21,2,25,57),(19208,'0941010','27',1,22,'전학년','교양선택','일반화학및실험I',3,'','Grade','','박재우',2.0,2.0,2.0,1.0,21,0,45,28),(19209,'0941010','28',1,22,'전학년','교양선택','일반화학및실험I',3,'','Grade','','손운용',2.0,2.0,2.0,1.0,21,0,45,45),(19210,'0941012','01',1,22,'전학년','교양선택','생물학및실험',4,'','Grade','','홍승현',3.0,3.0,2.0,1.0,21,0,30,8),(19211,'0941013','01',1,22,'전학년','교양선택','일반생물학및실험I',3,'','Grade','','조성진',2.0,2.0,2.0,1.0,21,2,30,53),(19212,'0941013','02',1,22,'전학년','교양선택','일반생물학및실험I',3,'','Grade','','강규호',2.0,2.0,2.0,1.0,21,2,30,46),(19213,'0941013','03',1,22,'전학년','교양선택','일반생물학및실험I',3,'','Grade','','김상준',2.0,2.0,2.0,1.0,21,3,30,37),(19214,'0941013','04',1,22,'전학년','교양선택','일반생물학및실험I',3,'','Grade','','미지정',2.0,2.0,2.0,1.0,21,2,30,36),(19215,'0941013','05',1,22,'전학년','교양선택','일반생물학및실험I',3,'','Grade','','홍승현',2.0,2.0,2.0,1.0,21,6,30,31),(19216,'0941013','06',1,22,'전학년','교양선택','일반생물학및실험I',3,'','Grade','','류호진',2.0,2.0,2.0,1.0,21,0,30,31),(19217,'0941013','07',1,22,'전학년','교양선택','일반생물학및실험I',3,'','Grade','','송준호',2.0,2.0,2.0,1.0,21,4,30,31),(19218,'0941013','08',1,22,'전학년','교양선택','일반생물학및실험I',3,'','Grade','','김두일',2.0,2.0,2.0,1.0,21,3,30,39),(19219,'0941013','09',1,22,'전학년','교양선택','일반생물학및실험I',3,'','Grade','','김경환',2.0,2.0,2.0,1.0,21,0,30,35),(19220,'0941013','10',1,22,'전학년','교양선택','일반생물학및실험I',3,'','Grade','','이혜연',2.0,2.0,2.0,1.0,21,3,30,46),(19221,'0941013','11',1,22,'전학년','교양선택','일반생물학및실험I',3,'','Grade','','김성한',2.0,2.0,2.0,1.0,21,4,30,46),(19222,'0941013','12',1,22,'전학년','교양선택','일반생물학및실험I',3,'','Grade','','전정선',2.0,2.0,2.0,1.0,21,1,30,36),(19223,'0941013','13',1,22,'전학년','교양선택','일반생물학및실험I',3,'','Grade','','김두일',2.0,2.0,2.0,1.0,21,5,30,35),(19224,'0941013','14',1,22,'전학년','교양선택','일반생물학및실험I',3,'','Grade','','김성한',2.0,2.0,2.0,1.0,21,2,30,57),(19225,'0941013','15',1,22,'전학년','교양선택','일반생물학및실험I',3,'','Grade','','전정선',2.0,2.0,2.0,1.0,21,7,30,39),(19226,'0941013','16',1,22,'전학년','교양선택','일반생물학및실험I',3,'','Grade','','이혜연',2.0,2.0,2.0,1.0,21,2,30,37),(19227,'0941013','17',1,22,'전학년','교양선택','일반생물학및실험I',3,'','Grade','','미지정',2.0,2.0,2.0,1.0,21,0,40,19),(19228,'0941015','01',1,22,'전학년','교양선택','일반지구과학및실험I',3,'','Grade','','박문재',2.0,2.0,2.0,1.0,21,4,40,39),(19229,'0941015','02',1,22,'전학년','교양선택','일반지구과학및실험I',3,'','Grade','','박경선',2.0,2.0,2.0,1.0,21,4,40,38),(19230,'0941017','01',1,22,'전학년','교양선택','맛보기 물리학 및 실험',4,'','Grade','','한정호',3.0,3.0,2.0,1.0,21,6,48,38),(19231,'0941017','02',1,22,'전학년','교양선택','맛보기 물리학 및 실험',4,'','Grade','','한정호',3.0,3.0,2.0,1.0,21,3,48,27),(19232,'0941020','01',1,22,'전학년','교양선택','웰빙시대의 생물산업',3,'','Grade','','서정욱, 신수정, 심국보',3.0,3.0,0.0,0.0,21,19,80,60),(19233,'0941020','02',1,22,'전학년','교양선택','웰빙시대의 생물산업',3,'','Grade','','이승욱',3.0,3.0,0.0,0.0,21,0,80,29),(19234,'0941021','01',1,22,'전학년','교양선택','일반물리학의이해I',4,'','Grade','','이인선',3.0,3.0,2.0,1.0,21,3,48,39),(19235,'0941023','01',1,22,'전학년','교양선택','일반화학의이해I',4,'','Grade','','박명환',3.0,3.0,2.0,1.0,21,0,40,36),(19236,'0941026','01',1,22,'전학년','교양선택','일반생물학의 이해 및 실험I',4,'','Grade','','김상준, 류호진, 박종석',3.0,3.0,2.0,1.0,21,6,30,44),(19237,'0941031','01',1,22,'전학년','교양선택','기초통계학',3,'','Grade','','정재환',3.0,3.0,0.0,0.0,21,12,45,46),(19238,'0941031','02',1,22,'전학년','교양선택','기초통계학',3,'','Grade','','정애란',3.0,3.0,0.0,0.0,21,18,45,45),(19239,'0941031','03',1,22,'전학년','교양선택','기초통계학',3,'','Grade','','이성원',3.0,3.0,0.0,0.0,21,17,45,45),(19240,'0941031','04',1,22,'전학년','교양선택','기초통계학',3,'','Grade','','서민자',3.0,3.0,0.0,0.0,21,11,45,45),(19241,'0941031','05',1,22,'전학년','교양선택','기초통계학',3,'','Grade','','정연수',3.0,3.0,0.0,0.0,21,36,45,51),(19242,'0941031','06',1,22,'전학년','교양선택','기초통계학',3,'','Grade','','김덕기',3.0,3.0,0.0,0.0,21,13,20,16),(19243,'7400501','01',13,4,'전학년','교직필수','교육학개론',2,'일반','Grade','','이동윤',2.0,2.0,0.0,0.0,21,120,30,30),(19244,'7400501','02',13,4,'전학년','교직필수','교육학개론',2,'일반','Grade','','이동윤',2.0,2.0,0.0,0.0,21,82,30,30),(19245,'7400502','01',13,4,'전학년','교직필수','교육심리',2,'일반','Grade','','장용희',2.0,2.0,0.0,0.0,21,23,30,30),(19246,'7400502','02',13,4,'전학년','교직필수','교육심리',2,'일반','Grade','','장용희',2.0,2.0,0.0,0.0,21,21,30,29),(19247,'7400502','03',13,4,'전학년','교직필수','교육심리',2,'일반','Grade','','장용희',2.0,2.0,0.0,0.0,21,27,30,30),(19248,'7400502','04',13,4,'전학년','교직필수','교육심리',2,'일반','Grade','','장유진',2.0,2.0,0.0,0.0,21,57,30,30),(19249,'7400503','01',13,4,'전학년','교직필수','교육사회',2,'일반','Grade','','김영철',2.0,2.0,0.0,0.0,21,30,30,29),(19250,'7400503','02',13,4,'전학년','교직필수','교육사회',2,'일반','Grade','','김영철',2.0,2.0,0.0,0.0,21,18,30,29),(19251,'7400503','03',13,4,'전학년','교직필수','교육사회',2,'일반','Grade','','김재영',2.0,2.0,0.0,0.0,21,38,30,30),(19252,'7400503','04',13,4,'전학년','교직필수','교육사회',2,'일반','Grade','','김재영',2.0,2.0,0.0,0.0,21,41,30,28),(19253,'7400504','01',13,4,'전학년','교직필수','교육철학및교육사',2,'일반','Grade','','서범종',2.0,2.0,0.0,0.0,21,66,30,30),(19254,'7400504','02',13,4,'전학년','교직필수','교육철학및교육사',2,'일반','Grade','','서범종',2.0,2.0,0.0,0.0,21,65,30,30),(19255,'7400504','03',13,4,'전학년','교직필수','교육철학및교육사',2,'일반','Grade','','박혜정',2.0,2.0,0.0,0.0,21,4,30,30),(19256,'7400504','04',13,4,'전학년','교직필수','교육철학및교육사',2,'일반','Grade','','박혜정',2.0,2.0,0.0,0.0,21,6,30,28),(19257,'7400506','01',13,4,'전학년','교직필수','교육방법및교육공학',2,'일반','Grade','','김미정',2.0,2.0,0.0,0.0,21,4,30,7),(19258,'7400506','02',13,4,'전학년','교직필수','교육방법및교육공학',2,'일반','Grade','','변호승',2.0,2.0,0.0,0.0,21,6,30,21),(19259,'7400506','03',13,4,'전학년','교직필수','교육방법및교육공학',2,'일반','Grade','','변호승',2.0,2.0,0.0,0.0,21,0,30,3),(19260,'7400506','04',13,4,'전학년','교직필수','교육방법및교육공학',2,'일반','Grade','','윤미현',2.0,2.0,0.0,0.0,21,41,30,30),(19261,'7400506','05',13,4,'전학년','교직필수','교육방법및교육공학',2,'일반','Grade','','이선아',2.0,2.0,0.0,0.0,21,7,30,8),(19262,'7400507','01',13,4,'전학년','교직필수','교육행정 및 교육경영',2,'일반','Grade','','김수진',2.0,2.0,0.0,0.0,21,8,30,16),(19263,'7400507','02',13,4,'전학년','교직필수','교육행정 및 교육경영',2,'일반','Grade','','오혜근',2.0,2.0,0.0,0.0,21,2,30,1),(19264,'7400507','03',13,4,'전학년','교직필수','교육행정 및 교육경영',2,'일반','Grade','','왕정원',2.0,2.0,0.0,0.0,21,35,30,30),(19265,'7400507','04',13,4,'전학년','교직필수','교육행정 및 교육경영',2,'일반','Grade','','이수경',2.0,2.0,0.0,0.0,21,12,30,28),(19266,'7400507','05',13,4,'전학년','교직필수','교육행정 및 교육경영',2,'일반','Grade','','이정미',2.0,2.0,0.0,0.0,21,8,30,13),(19267,'7400507','06',13,4,'전학년','교직필수','교육행정 및 교육경영',2,'일반','Grade','','이정미',2.0,2.0,0.0,0.0,21,23,30,30),(19268,'7400508','01',13,4,'전학년','교직필수','교육과정',2,'일반','Grade','','진영석',2.0,2.0,0.0,0.0,21,13,30,30),(19269,'7400508','02',13,4,'전학년','교직필수','교육과정',2,'일반','Grade','','진영석',2.0,2.0,0.0,0.0,21,41,30,30),(19270,'7400508','03',13,4,'전학년','교직필수','교육과정',2,'일반','Grade','','진영석',2.0,2.0,0.0,0.0,21,8,30,24),(19271,'7400508','04',13,4,'전학년','교직필수','교육과정',2,'일반','Grade','','박나실',2.0,2.0,0.0,0.0,21,10,30,23),(19272,'7400508','05',13,4,'전학년','교직필수','교육과정',2,'일반','Grade','','허예지',2.0,2.0,0.0,0.0,21,5,30,9),(19273,'7400509','01',13,4,'전학년','교직필수','교육평가',2,'일반','Grade','','길혜지',2.0,2.0,0.0,0.0,21,8,30,23),(19274,'7400509','02',13,4,'전학년','교직필수','교육평가',2,'일반','Grade','','김지은',2.0,2.0,0.0,0.0,21,71,30,30),(19275,'7400509','03',13,4,'전학년','교직필수','교육평가',2,'일반','Grade','','김지은',2.0,2.0,0.0,0.0,21,36,30,30),(19276,'7400509','04',13,4,'전학년','교직필수','교육평가',2,'일반','Grade','','신안나',2.0,2.0,0.0,0.0,21,40,30,30),(19277,'7400511','01',13,4,'전학년','교직필수','교직실무',2,'일반','Grade','','박동환',2.0,2.0,0.0,0.0,21,8,30,29),(19278,'7400511','02',13,4,'전학년','교직필수','교직실무',2,'일반','Grade','','박동환',2.0,2.0,0.0,0.0,21,14,30,22),(19279,'7400511','03',13,4,'전학년','교직필수','교직실무',2,'일반','Grade','','신재욱',2.0,2.0,0.0,0.0,21,0,30,0),(19280,'7400511','04',13,4,'전학년','교직필수','교직실무',2,'일반','Grade','','이성훈',2.0,2.0,0.0,0.0,21,9,30,9),(19281,'7400511','05',13,4,'전학년','교직필수','교직실무',2,'일반','Grade','','조옥선',2.0,2.0,0.0,0.0,21,36,20,20),(19282,'7400514','01',13,4,'전학년','교직필수','교육봉사',2,'일반','PassFail','','류연택',0.0,0.0,4.0,2.0,21,94,300,141),(19283,'7400515','01',13,4,'전학년','교직필수','생활지도 및 상담',2,'일반','Grade','','김복미',2.0,2.0,0.0,0.0,21,71,30,30),(19284,'7400515','02',13,4,'전학년','교직필수','생활지도 및 상담',2,'일반','Grade','','김선례',2.0,2.0,0.0,0.0,21,6,30,4),(19285,'7400515','04',13,4,'전학년','교직필수','생활지도 및 상담',2,'일반','Grade','','이종연',2.0,2.0,0.0,0.0,21,12,30,30),(19286,'7400516','01',13,4,'전학년','교직필수','특수교육학개론',2,'일반','Grade','','박현주',2.0,2.0,0.0,0.0,21,11,30,30),(19287,'7400516','02',13,4,'전학년','교직필수','특수교육학개론',2,'일반','Grade','','박현주',2.0,2.0,0.0,0.0,21,10,30,24),(19288,'7400516','03',13,4,'전학년','교직필수','특수교육학개론',2,'일반','Grade','','박현주',2.0,2.0,0.0,0.0,21,5,30,10),(19289,'7400516','04',13,4,'전학년','교직필수','특수교육학개론',2,'일반','Grade','','이미애',2.0,2.0,0.0,0.0,21,15,30,22),(19290,'7400516','05',13,4,'전학년','교직필수','특수교육학개론',2,'일반','Grade','','이미애',2.0,2.0,0.0,0.0,21,14,30,19),(19291,'7400516','06',13,4,'전학년','교직필수','특수교육학개론',2,'일반','Grade','','이미애',2.0,2.0,0.0,0.0,21,6,30,8),(19292,'7400519','01',13,4,'전학년','교직필수','학교폭력 예방 및 학생의 이해',2,'일반','Grade','','김서이',2.0,2.0,0.0,0.0,21,13,30,28),(19293,'7400519','02',13,4,'전학년','교직필수','학교폭력 예방 및 학생의 이해',2,'일반','Grade','','김서이',2.0,2.0,0.0,0.0,21,22,30,30),(19294,'7400519','03',13,4,'전학년','교직필수','학교폭력 예방 및 학생의 이해',2,'일반','Grade','','김서이',2.0,2.0,0.0,0.0,21,2,30,1),(19295,'7400519','04',13,4,'전학년','교직필수','학교폭력 예방 및 학생의 이해',2,'일반','Grade','','김연중',2.0,2.0,0.0,0.0,21,16,30,20),(19296,'7400519','05',13,4,'전학년','교직필수','학교폭력 예방 및 학생의 이해',2,'일반','Grade','','김연중',2.0,2.0,0.0,0.0,21,15,30,24),(19297,'7400519','06',13,4,'전학년','교직필수','학교폭력 예방 및 학생의 이해',2,'일반','Grade','','김연중',2.0,2.0,0.0,0.0,21,6,30,11),(19298,'7400653','01',13,4,'전학년','교직필수','교육실습Ⅱ',2,'일반','Grade','','길혜지',0.0,0.0,4.0,2.0,21,10,30,15),(19299,'7400653','02',13,4,'전학년','교직필수','교육실습Ⅱ',2,'일반','Grade','','황지영',0.0,0.0,4.0,2.0,21,15,30,24),(19300,'7400653','03',13,4,'전학년','교직필수','교육실습Ⅱ',2,'일반','Grade','','나경희',0.0,0.0,4.0,2.0,21,15,30,23),(19301,'7400653','04',13,4,'전학년','교직필수','교육실습Ⅱ',2,'일반','Grade','','김보림',0.0,0.0,4.0,2.0,21,10,30,16),(19302,'7400653','05',13,4,'전학년','교직필수','교육실습Ⅱ',2,'일반','Grade','','윤현위',0.0,0.0,4.0,2.0,21,8,30,12),(19303,'7400653','06',13,4,'전학년','교직필수','교육실습Ⅱ',2,'일반','Grade','','손경찬',0.0,0.0,4.0,2.0,21,6,30,15),(19304,'7400653','07',13,4,'전학년','교직필수','교육실습Ⅱ',2,'일반','Grade','','손경원',0.0,0.0,4.0,2.0,21,12,30,17),(19305,'7400653','08',13,4,'전학년','교직필수','교육실습Ⅱ',2,'일반','Grade','','이희정',0.0,0.0,4.0,2.0,21,7,30,15),(19306,'7400653','09',13,4,'전학년','교직필수','교육실습Ⅱ',2,'일반','Grade','','강호웅',0.0,0.0,4.0,2.0,21,8,30,15),(19307,'7400653','10',13,4,'전학년','교직필수','교육실습Ⅱ',2,'일반','Grade','','김대재',0.0,0.0,4.0,2.0,21,10,30,17),(19308,'7400653','11',13,4,'전학년','교직필수','교육실습Ⅱ',2,'일반','Grade','','이동찬',0.0,0.0,4.0,2.0,21,9,30,16),(19309,'7400653','12',13,4,'전학년','교직필수','교육실습Ⅱ',2,'일반','Grade','','정환엽',0.0,0.0,4.0,2.0,21,9,30,18),(19310,'7400653','13',13,4,'전학년','교직필수','교육실습Ⅱ',2,'일반','Grade','','임용석',0.0,0.0,4.0,2.0,21,27,50,32),(19311,'7400655','01',13,4,'전학년','교직필수','교육실습Ⅱ',2,'일반','Grade','','류연택',0.0,0.0,4.0,2.0,21,29,100,41),(19312,'7400658','01',13,4,'전학년','교직필수','디지털 교육',2,'일반','Grade','','김미정',2.0,2.0,0.0,0.0,21,8,30,9),(19313,'7400658','02',13,4,'전학년','교직필수','디지털 교육',2,'일반','Grade','','김미정',2.0,2.0,0.0,0.0,21,21,30,30),(19314,'0934002','01',1,21,'전학년','교양선택','미술의이론과감상',3,'','Grade','','윤문영',3.0,3.0,0.0,0.0,21,30,80,78),(19315,'0934003','01',1,21,'전학년','교양선택','음악의이론과감상',3,'','Grade','','노지영',3.0,3.0,0.0,0.0,21,48,70,72),(19316,'0934003','02',1,21,'전학년','교양선택','음악의이론과감상',3,'','Grade','','노지영',3.0,3.0,0.0,0.0,21,40,70,63),(19317,'0934003','03',1,21,'전학년','교양선택','음악의이론과감상',3,'','Grade','','한수정',3.0,3.0,0.0,0.0,21,25,70,31),(19318,'0934004','01',1,21,'전학년','교양선택','연극영화의이론과감상',3,'','Grade','','조만수',3.0,3.0,0.0,0.0,21,29,80,78),(19319,'0934004','02',1,21,'전학년','교양선택','연극영화의이론과감상',3,'','Grade','','박인영',3.0,3.0,0.0,0.0,21,22,80,31),(19320,'0934004','03',1,21,'전학년','교양선택','연극영화의이론과감상',3,'','Grade','','조만수',3.0,3.0,0.0,0.0,21,70,80,79),(19321,'0934005','01',1,21,'전학년','교양선택','음악과 인성',3,'','Grade','','한수정',3.0,3.0,0.0,0.0,21,18,70,25),(19322,'0934008','01',1,21,'전학년','교양선택','축구의이론과실기',2,'','Grade','','김상필',1.0,1.0,2.0,2.0,21,23,27,27),(19323,'0934009','01',1,21,'전학년','교양선택','농구의이론과실기',2,'','Grade','','임용석',1.0,1.0,2.0,2.0,21,2,27,9),(19324,'0934010','01',1,21,'전학년','교양선택','테니스의이론과실기',2,'','Grade','','안동일',1.0,1.0,2.0,2.0,21,19,27,27),(19325,'0934011','01',1,21,'전학년','교양선택','탁구의이론과실기',2,'','Grade','','김세형',1.0,1.0,2.0,2.0,21,12,27,27),(19326,'0934011','02',1,21,'전학년','교양선택','탁구의이론과실기',2,'','Grade','','박해원',1.0,1.0,2.0,2.0,21,17,27,24),(19327,'0934012','01',1,21,'전학년','교양선택','배드민턴의이론과실기',2,'','Grade','','이광진',1.0,1.0,2.0,2.0,21,34,27,27),(19328,'0934013','01',1,21,'전학년','교양선택','수영의이론과실기',2,'','Grade','','김광명',1.0,1.0,2.0,2.0,21,29,27,27),(19329,'0934014','01',1,21,'전학년','교양선택','볼링의이론과실기',2,'','Grade','','류형섭',1.0,1.0,2.0,2.0,21,18,27,27),(19330,'0934017','01',1,21,'전학년','교양선택','생활속의호신술',2,'','Grade','','최명',1.0,1.0,2.0,2.0,21,13,27,27),(19331,'0934018','01',1,21,'전학년','교양선택','스쿼시의이론과실기',2,'','Grade','','김현주',1.0,1.0,2.0,2.0,21,22,27,27),(19332,'0934019','01',1,21,'전학년','교양선택','골프스윙의 ABC',2,'','Grade','','최종환',1.0,1.0,2.0,2.0,21,12,27,25),(19333,'0934020','01',1,21,'전학년','교양선택','요가와 필라테스',2,'','Grade','','엄석주',1.0,1.0,2.0,2.0,21,37,27,27),(19334,'0934021','01',1,21,'전학년','교양선택','연기와 연출',3,'','Grade','','최윤주',3.0,3.0,0.0,0.0,21,16,45,37),(19335,'0934006','01',1,21,'전학년','교양선택','합창',3,'','PassFail','','백은경',3.0,3.0,0.0,0.0,21,67,70,70),(19336,'0934006','02',1,21,'전학년','교양선택','합창',3,'','PassFail','','김선주',3.0,3.0,0.0,0.0,21,27,70,39),(19337,'0934006','03',1,21,'전학년','교양선택','합창',3,'','PassFail','','최낙기',3.0,3.0,0.0,0.0,21,15,70,63),(19338,'0934006','04',1,21,'전학년','교양선택','합창',3,'','PassFail','','이준',3.0,3.0,0.0,0.0,21,162,70,81),(19339,'0923001','01',1,15,'전학년','교양선택','지구와환경',3,'','Grade','','정원석',3.0,3.0,0.0,0.0,21,105,100,114),(19340,'0923001','02',1,15,'전학년','교양선택','지구와환경',3,'','Grade','','김형신',3.0,3.0,0.0,0.0,21,32,80,85),(19341,'0923004','01',1,15,'전학년','교양선택','도시와건축',3,'','Grade','','손동화, 이학성',3.0,3.0,0.0,0.0,21,37,80,87),(19342,'0923004','02',1,15,'전학년','교양선택','도시와건축',3,'','Grade','','홍유선',3.0,3.0,0.0,0.0,21,22,80,86),(19343,'0923008','01',1,15,'전학년','교양선택','알기 쉬운 우리 몸의 기능',3,'','Grade','','김영철',3.0,3.0,0.0,0.0,21,74,99,99),(19344,'0923012','01',1,15,'전학년','교양선택','자연과 행복',3,'','Grade','','유진희',3.0,3.0,0.0,0.0,21,21,80,80),(19345,'0923013','01',1,15,'전학년','교양선택','현대산업사회와환경문제',3,'','Grade','','이상섭',3.0,3.0,0.0,0.0,21,2,100,2),(19346,'0923013','02',1,15,'전학년','교양선택','현대산업사회와환경문제',3,'','Grade','','정영도',3.0,3.0,0.0,0.0,21,27,100,100),(19347,'0923013','03',1,15,'전학년','교양선택','현대산업사회와환경문제',3,'','Grade','','정영도',3.0,3.0,0.0,0.0,21,16,100,45),(19348,'0923014','01',1,15,'전학년','교양선택','나무문화그리고환경',3,'','Grade','','한규성',3.0,3.0,0.0,0.0,21,15,80,80),(19349,'0923014','02',1,15,'전학년','교양선택','나무문화그리고환경',3,'','Grade','','이희수',3.0,3.0,0.0,0.0,21,26,80,79),(19350,'0923016','01',1,15,'전학년','교양선택','인간과 기계문명',3,'','Grade','','김연순',3.0,3.0,0.0,0.0,21,10,80,28),(19351,'0923017','01',1,15,'전학년','교양선택','문화로 즐기는 음식',3,'','Grade','','김의환',3.0,3.0,0.0,0.0,21,12,60,29),(19352,'0923017','02',1,15,'전학년','교양선택','문화로 즐기는 음식',3,'','Grade','','이선희',3.0,3.0,0.0,0.0,21,65,80,81),(19353,'0923019','01',1,15,'전학년','교양선택','영화로 읽는 과학과 문화',3,'','Grade','','박권수',3.0,3.0,0.0,0.0,21,13,45,44),(19354,'0923022','01',1,15,'전학년','교양선택','서양문명과 전쟁기술',3,'','Grade','','이찬행',3.0,3.0,0.0,0.0,21,20,80,80),(19355,'0923025','01',1,15,'전학년','교양선택','신체활동과스트레스',3,'','Grade','','김근수',3.0,3.0,0.0,0.0,21,22,60,60),(19356,'0923026','01',1,15,'전학년','교양선택','스포츠와건강',3,'','Grade','','김현주',3.0,3.0,0.0,0.0,21,15,50,48),(19357,'0923028','01',1,15,'전학년','교양선택','에너지와환경',3,'','Grade','','김가현',3.0,3.0,0.0,0.0,21,90,80,80),(19358,'0923030','01',1,15,'전학년','교양선택','환경과 그린에너지의 이해',3,'','Grade','','김재용',3.0,3.0,0.0,0.0,21,3,100,31),(19359,'0923036','01',1,15,'전학년','교양선택','융합 기초 동역학',3,'','Grade','','이재풍',3.0,3.0,0.0,0.0,21,2,50,50),(19360,'0923038','01',1,15,'전학년','교양선택','S.M.A.R.T 스포츠',3,'','Grade','','강호석',3.0,3.0,0.0,0.0,21,16,50,50),(19361,'0923041','01',1,15,'전학년','교양선택','뇌와 나의 세계',3,'','Grade','','정수근',3.0,3.0,0.0,0.0,21,164,100,204),(19362,'0923043','01',1,15,'전학년','교양선택','알기 쉬운 뇌와 몸의 융합적 이해',3,'','Grade','','김영철',3.0,3.0,0.0,0.0,21,17,99,77),(19363,'0923048','01',1,15,'전학년','교양선택','식생활과 건강',3,'','Grade','','이상미',3.0,3.0,0.0,0.0,21,13,80,80),(19364,'0923048','02',1,15,'전학년','교양선택','식생활과 건강',3,'','Grade','','김명숙',3.0,3.0,0.0,0.0,21,18,80,80),(19365,'0923048','03',1,15,'전학년','교양선택','식생활과 건강',3,'','Grade','','이유진',3.0,3.0,0.0,0.0,21,76,80,79),(19366,'0923048','04',1,15,'전학년','교양선택','식생활과 건강',3,'','Grade','','김명숙',3.0,3.0,0.0,0.0,21,24,80,79),(19367,'0281021','01',14,3,'전학년','일반선택','사회봉사 I',1,'일반','PassFail','','김남준',0.1,0.1,2.0,1.0,21,117,300,181),(19368,'0281082','01',14,3,'전학년','일반선택','디지털 스토리텔링과 게임',1,'일반','Grade','','미지정',1.0,1.0,0.0,0.0,21,10,20,20),(19369,'0281097','01',14,3,'전학년','일반선택','빅데이터, 인공지능과 예술',1,'일반','Grade','','미지정',1.0,1.0,0.0,0.0,21,1,20,12),(19370,'0281107','01',14,3,'전학년','일반선택','마이클샌델이 다시 쓰는 정의란 무엇인가',1,'일반','PassFail','','',1.0,1.0,0.0,0.0,21,76,50,50),(19371,'0281022','01',14,3,'전학년','일반선택','사회봉사 II',2,'일반','PassFail','','한재영',0.1,0.1,2.0,1.0,21,60,300,89),(19372,'0281036','01',14,3,'전학년','일반선택','평화사상과통일의길',2,'일반','Grade','','',2.0,2.0,0.0,0.0,21,30,20,19),(19373,'0281044','01',14,3,'전학년','일반선택','환경문제와 윤리',2,'일반','Grade','','',2.0,2.0,0.0,0.0,21,7,20,18),(19374,'0281062','01',14,3,'전학년','일반선택','산업경영의이해',2,'일반','Grade','','',2.0,2.0,0.0,0.0,21,22,20,20),(19375,'0281085','01',14,3,'전학년','일반선택','혁신을위한모순해결',2,'일반','Grade','','',2.0,2.0,0.0,0.0,21,1,20,17),(19376,'0280773','01',14,3,'전학년','일반선택','안보학',3,'일반','Grade','','박장환',4.0,4.0,2.0,1.0,21,12,25,13),(19377,'0280775','01',14,3,'전학년','일반선택','조직리더십',3,'일반','Grade','','김일신',4.0,4.0,2.0,1.0,21,9,25,8),(19378,'0281024','01',14,3,'전학년','일반선택','인턴십 Ⅱ',3,'일반','PassFail','','오명민',0.0,0.0,4.0,2.0,21,0,100,1),(19379,'0281031','01',14,3,'전학년','일반선택','다문화사회의 이해',3,'일반','Grade','','',3.0,3.0,0.0,0.0,21,75,20,20),(19380,'0281037','01',14,3,'전학년','일반선택','위험사회와 미래직업',3,'일반','Grade','','',3.0,3.0,0.0,0.0,21,9,20,20),(19381,'0281042','01',14,3,'전학년','일반선택','한옥개론',3,'일반','Grade','','',3.0,3.0,0.0,0.0,21,15,20,19),(19382,'0281046','01',14,3,'전학년','일반선택','심리학 START',3,'일반','Grade','','',3.0,3.0,0.0,0.0,21,55,20,20),(19383,'0281047','01',14,3,'전학년','일반선택','여행과문화',3,'일반','Grade','','',3.0,3.0,0.0,0.0,21,22,20,20),(19384,'0281048','01',14,3,'전학년','일반선택','강원문화사',3,'일반','Grade','','',3.0,3.0,0.0,0.0,21,19,20,20),(19385,'0281050','01',14,3,'전학년','일반선택','서양고대철학',3,'일반','Grade','','',3.0,3.0,0.0,0.0,21,3,20,20),(19386,'0281052','01',14,3,'전학년','일반선택','중국고대철학',3,'일반','Grade','','',3.0,3.0,0.0,0.0,21,29,20,20),(19387,'0281054','01',14,3,'전학년','일반선택','무역실무',3,'일반','Grade','','',3.0,3.0,0.0,0.0,21,13,20,20),(19388,'0281055','01',14,3,'전학년','일반선택','심리학의이해',3,'일반','Grade','','',3.0,3.0,0.0,0.0,21,51,20,20),(19389,'0281063','01',14,3,'전학년','일반선택','인간커뮤니케이션',3,'일반','Grade','','',3.0,3.0,0.0,0.0,21,41,20,20),(19390,'0281066','01',14,3,'전학년','일반선택','창업실습 I',3,'일반','PassFail','','이상섭',0.0,0.0,6.0,3.0,21,0,0,0),(19391,'0281071','01',14,3,'전학년','일반선택','에듀테크의 이해',3,'일반','Grade','','',3.0,3.0,0.0,0.0,21,4,20,20),(19392,'0281074','01',14,3,'전학년','일반선택','수목보호학',3,'일반','Grade','','',3.0,3.0,0.0,0.0,21,26,20,20),(19393,'0281083','01',14,3,'전학년','일반선택','생활 속의 반도체',3,'일반','Grade','','미지정',3.0,3.0,0.0,0.0,21,3,20,13),(19394,'0281086','01',14,3,'전학년','일반선택','개신프론티어 Ⅰ',3,'일반','PassFail','','김연준',0.0,0.0,6.0,3.0,21,0,3,3),(19395,'0281086','02',14,3,'전학년','일반선택','개신프론티어 Ⅰ',3,'일반','PassFail','','문봉규',0.0,0.0,6.0,3.0,21,0,4,4),(19396,'0281086','03',14,3,'전학년','일반선택','개신프론티어 Ⅰ',3,'일반','PassFail','','황영배',0.0,0.0,6.0,3.0,21,0,3,3),(19397,'0281086','04',14,3,'전학년','일반선택','개신프론티어 Ⅰ',3,'일반','PassFail','','강윤석',0.0,0.0,6.0,3.0,21,0,3,3),(19398,'0281086','05',14,3,'전학년','일반선택','개신프론티어 Ⅰ',3,'일반','PassFail','','권오민',0.0,0.0,6.0,3.0,21,0,3,3),(19399,'0281086','06',14,3,'전학년','일반선택','개신프론티어 Ⅰ',3,'일반','PassFail','','홍장의',0.0,0.0,6.0,3.0,21,0,3,3),(19400,'0281086','07',14,3,'전학년','일반선택','개신프론티어 Ⅰ',3,'일반','PassFail','','윤미현',0.0,0.0,6.0,3.0,21,0,3,3),(19401,'0281086','08',14,3,'전학년','일반선택','개신프론티어 Ⅰ',3,'일반','PassFail','','신꽃비',0.0,0.0,6.0,3.0,21,0,1,1),(19402,'0281086','09',14,3,'전학년','일반선택','개신프론티어 Ⅰ',3,'일반','PassFail','','김봉재',0.0,0.0,6.0,3.0,21,0,1,1),(19403,'0281086','10',14,3,'전학년','일반선택','개신프론티어 Ⅰ',3,'일반','PassFail','','전명근',0.0,0.0,6.0,3.0,21,0,1,1),(19404,'0281086','11',14,3,'전학년','일반선택','개신프론티어 Ⅰ',3,'일반','PassFail','','조오현',0.0,0.0,6.0,3.0,21,0,1,1),(19405,'0281086','12',14,3,'전학년','일반선택','개신프론티어 Ⅰ',3,'일반','PassFail','','서한결',0.0,0.0,6.0,3.0,21,0,1,1),(19406,'0281086','13',14,3,'전학년','일반선택','개신프론티어 Ⅰ',3,'일반','PassFail','','곽재환',0.0,0.0,6.0,3.0,21,0,1,1),(19407,'0281086','14',14,3,'전학년','일반선택','개신프론티어 Ⅰ',3,'일반','PassFail','','황윤민',0.0,0.0,6.0,3.0,21,0,1,1),(19408,'0281086','15',14,3,'전학년','일반선택','개신프론티어 Ⅰ',3,'일반','PassFail','','이동주',0.0,0.0,6.0,3.0,21,0,1,1),(19409,'0281086','16',14,3,'전학년','일반선택','개신프론티어 Ⅰ',3,'일반','PassFail','','이동훈',0.0,0.0,6.0,3.0,21,0,1,1),(19410,'0281086','17',14,3,'전학년','일반선택','개신프론티어 Ⅰ',3,'일반','PassFail','','이동훈',0.0,0.0,6.0,3.0,21,0,1,1),(19411,'0281086','18',14,3,'전학년','일반선택','개신프론티어 Ⅰ',3,'일반','PassFail','','손표웅',0.0,0.0,6.0,3.0,21,0,1,1),(19412,'0281086','19',14,3,'전학년','일반선택','개신프론티어 Ⅰ',3,'일반','PassFail','','손표웅',0.0,0.0,6.0,3.0,21,0,1,1),(19413,'0281086','20',14,3,'전학년','일반선택','개신프론티어 Ⅰ',3,'일반','PassFail','','김태홍',0.0,0.0,6.0,3.0,21,0,1,1),(19414,'0281086','21',14,3,'전학년','일반선택','개신프론티어 Ⅰ',3,'일반','PassFail','','김태홍',0.0,0.0,6.0,3.0,21,0,1,1),(19415,'0281095','01',14,3,'전학년','일반선택','동양의 고전',3,'일반','Grade','','미지정',3.0,3.0,0.0,0.0,21,0,20,9),(19416,'0281096','01',14,3,'전학년','일반선택','세계종교입문',3,'일반','Grade','','미지정',3.0,3.0,0.0,0.0,21,3,20,20),(19417,'0281101','01',14,3,'전학년','일반선택','세계의문화유산',3,'일반','Grade','','',3.0,3.0,0.0,0.0,21,11,20,20),(19418,'0281102','01',14,3,'전학년','일반선택','양명학, 돌봄과 공생의 길',3,'일반','Grade','','',3.0,3.0,0.0,0.0,21,3,20,17),(19419,'0281103','01',14,3,'전학년','일반선택','전염병과인류의역사',3,'일반','Grade','','',3.0,3.0,0.0,0.0,21,24,20,20),(19420,'0281104','01',14,3,'전학년','일반선택','광고학원론',3,'일반','Grade','','',3.0,3.0,0.0,0.0,21,22,20,20),(19421,'0281105','01',14,3,'전학년','일반선택','능력검정 한국사 따라가기',3,'일반','Grade','','',3.0,3.0,0.0,0.0,21,65,20,20),(19422,'0281106','01',14,3,'전학년','일반선택','실용한자와 고사성어',3,'일반','Grade','','',3.0,3.0,0.0,0.0,21,7,20,20),(19423,'0281108','01',14,3,'전학년','일반선택','소비의이해',3,'일반','Grade','','',3.0,3.0,0.0,0.0,21,42,20,20),(19424,'0281109','01',14,3,'전학년','일반선택','자기조절',3,'일반','Grade','','',3.0,3.0,0.0,0.0,21,35,20,20),(19425,'5600001','01',14,3,'전학년','일반선택','사회과학 전공탐색',3,'일반','PassFail','','박상희',3.0,3.0,0.0,0.0,21,6,30,10),(19426,'0281068','01',14,3,'전학년','일반선택','창업현장실습 I',6,'일반','PassFail','','이경은',0.0,0.0,12.0,6.0,21,0,0,0),(19427,'0281073','01',14,3,'전학년','일반선택','인턴십 Ⅲ',6,'일반','PassFail','','오명민',0.0,0.0,12.0,6.0,21,0,100,0),(19428,'0281087','01',14,3,'전학년','일반선택','개신프론티어 Ⅱ',6,'일반','PassFail','','김자영',0.0,0.0,12.0,6.0,21,0,4,4),(19429,'0281087','02',14,3,'전학년','일반선택','개신프론티어 Ⅱ',6,'일반','PassFail','','문호',0.0,0.0,12.0,6.0,21,0,3,3),(19430,'0281087','03',14,3,'전학년','일반선택','개신프론티어 Ⅱ',6,'일반','PassFail','','김남석',0.0,0.0,12.0,6.0,21,0,4,4),(19431,'0281087','04',14,3,'전학년','일반선택','개신프론티어 Ⅱ',6,'일반','PassFail','','황윤민',0.0,0.0,12.0,6.0,21,0,3,3),(19432,'0281087','05',14,3,'전학년','일반선택','개신프론티어 Ⅱ',6,'일반','PassFail','','권규상',0.0,0.0,12.0,6.0,21,0,4,4),(19433,'0281087','06',14,3,'전학년','일반선택','개신프론티어 Ⅱ',6,'일반','PassFail','','오영재',0.0,0.0,12.0,6.0,21,0,3,3),(19434,'0281087','07',14,3,'전학년','일반선택','개신프론티어 Ⅱ',6,'일반','PassFail','','정영섭',0.0,0.0,12.0,6.0,21,0,3,3),(19435,'0281087','08',14,3,'전학년','일반선택','개신프론티어 Ⅱ',6,'일반','PassFail','','송태진',0.0,0.0,12.0,6.0,21,0,3,3),(19436,'0281087','09',14,3,'전학년','일반선택','개신프론티어 Ⅱ',6,'일반','PassFail','','정영섭',0.0,0.0,12.0,6.0,21,0,3,3),(19437,'0281087','10',14,3,'전학년','일반선택','개신프론티어 Ⅱ',6,'일반','PassFail','','이상현',0.0,0.0,12.0,6.0,21,0,5,5),(19438,'0281087','11',14,3,'전학년','일반선택','개신프론티어 Ⅱ',6,'일반','PassFail','','정영섭',0.0,0.0,12.0,6.0,21,0,3,3),(19439,'0281087','12',14,3,'전학년','일반선택','개신프론티어 Ⅱ',6,'일반','PassFail','','김자영',0.0,0.0,12.0,6.0,21,0,1,1),(19440,'0281087','13',14,3,'전학년','일반선택','개신프론티어 Ⅱ',6,'일반','PassFail','','송난',0.0,0.0,12.0,6.0,21,0,1,1),(19441,'0281087','14',14,3,'전학년','일반선택','개신프론티어 Ⅱ',6,'일반','PassFail','','이석호',0.0,0.0,12.0,6.0,21,0,3,3),(19442,'0281014','01',14,3,'전학년','일반선택','해외인턴십III',9,'일반','PassFail','','오명민',0.0,0.0,18.0,9.0,21,0,100,0),(19443,'0281088','01',14,3,'전학년','일반선택','개신프론티어 Ⅲ',9,'일반','PassFail','','심동규',0.0,0.0,18.0,9.0,21,0,3,3),(19444,'0281088','02',14,3,'전학년','일반선택','개신프론티어 Ⅲ',9,'일반','PassFail','','송태진',0.0,0.0,18.0,9.0,21,0,3,3),(19445,'0281088','03',14,3,'전학년','일반선택','개신프론티어 Ⅲ',9,'일반','PassFail','','송태진',0.0,0.0,18.0,9.0,21,0,4,4),(19446,'0281088','04',14,3,'전학년','일반선택','개신프론티어 Ⅲ',9,'일반','PassFail','','최준성',0.0,0.0,18.0,9.0,21,0,3,3),(19447,'0281088','05',14,3,'전학년','일반선택','개신프론티어 Ⅲ',9,'일반','PassFail','','서영훈',0.0,0.0,18.0,9.0,21,0,3,3),(19448,'0281089','01',14,3,'전학년','일반선택','인턴십 Ⅳ',12,'일반','PassFail','','오명민',0.0,0.0,24.0,12.0,21,0,100,0),(19449,'6510118','01',14,3,'4학년','일반선택','인턴십 I',15,'일반','PassFail','','신종호',0.0,0.0,30.0,15.0,21,0,20,4),(19450,'0281015','01',14,3,'전학년','일반선택','해외인턴십IV',15,'일반','PassFail','','오명민',0.0,0.0,30.0,15.0,21,0,100,2),(19451,'0281023','01',14,3,'전학년','일반선택','인턴십 Ⅰ',15,'일반','PassFail','','오명민',0.0,0.0,16.0,8.0,21,0,100,4),(19452,'0911001','01',1,8,'전학년','교양선택','역사와 비판적 사고',3,'','Grade','','신은경',3.0,3.0,0.0,0.0,21,7,35,40),(19453,'0911001','02',1,8,'전학년','교양선택','역사와 비판적 사고',3,'','Grade','','서대원',3.0,3.0,0.0,0.0,21,5,35,39),(19454,'0911001','03',1,8,'전학년','교양선택','역사와 비판적 사고',3,'','Grade','','김상돈',3.0,3.0,0.0,0.0,21,3,35,35),(19455,'0911001','04',1,8,'전학년','교양선택','역사와 비판적 사고',3,'','Grade','','양혜승',3.0,3.0,0.0,0.0,21,13,35,50),(19456,'0911001','05',1,8,'전학년','교양선택','역사와 비판적 사고',3,'','Grade','','박승권',3.0,3.0,0.0,0.0,21,5,35,56),(19457,'0911001','06',1,8,'전학년','교양선택','역사와 비판적 사고',3,'','Grade','','정승미',3.0,3.0,0.0,0.0,21,3,35,38),(19458,'0911001','07',1,8,'전학년','교양선택','역사와 비판적 사고',3,'','Grade','','박현수',3.0,3.0,0.0,0.0,21,1,35,51),(19459,'0911001','08',1,8,'전학년','교양선택','역사와 비판적 사고',3,'','Grade','','최원호',3.0,3.0,0.0,0.0,21,5,35,50),(19460,'0911001','09',1,8,'전학년','교양선택','역사와 비판적 사고',3,'','Grade','','김동수',3.0,3.0,0.0,0.0,21,0,35,35),(19461,'0911001','10',1,8,'전학년','교양선택','역사와 비판적 사고',3,'','Grade','','김진아',3.0,3.0,0.0,0.0,21,2,35,35),(19462,'0911001','11',1,8,'전학년','교양선택','역사와 비판적 사고',3,'','Grade','','조배준',3.0,3.0,0.0,0.0,21,3,35,35),(19463,'0911001','12',1,8,'전학년','교양선택','역사와 비판적 사고',3,'','Grade','','권현지',3.0,3.0,0.0,0.0,21,0,35,40),(19464,'0911001','13',1,8,'전학년','교양선택','역사와 비판적 사고',3,'','Grade','','양희진',3.0,3.0,0.0,0.0,21,2,35,49),(19465,'0911001','14',1,8,'전학년','교양선택','역사와 비판적 사고',3,'','Grade','','양희진',3.0,3.0,0.0,0.0,21,1,35,40),(19466,'0911001','15',1,8,'전학년','교양선택','역사와 비판적 사고',3,'','Grade','','양혜승',3.0,3.0,0.0,0.0,21,1,35,46),(19467,'0911001','16',1,8,'전학년','교양선택','역사와 비판적 사고',3,'','Grade','','양희진',3.0,3.0,0.0,0.0,21,1,35,51),(19468,'0911001','17',1,8,'전학년','교양선택','역사와 비판적 사고',3,'','Grade','','이상화',3.0,3.0,0.0,0.0,21,0,35,51),(19469,'0911001','18',1,8,'전학년','교양선택','역사와 비판적 사고',3,'','Grade','','양혜승',3.0,3.0,0.0,0.0,21,9,35,50),(19470,'0911001','19',1,8,'전학년','교양선택','역사와 비판적 사고',3,'','Grade','','박승권',3.0,3.0,0.0,0.0,21,0,35,40),(19471,'0911001','20',1,8,'전학년','교양선택','역사와 비판적 사고',3,'','Grade','','이상화',3.0,3.0,0.0,0.0,21,0,35,35),(19472,'0911001','21',1,8,'전학년','교양선택','역사와 비판적 사고',3,'','Grade','','조배준',3.0,3.0,0.0,0.0,21,0,35,35),(19473,'0911001','22',1,8,'전학년','교양선택','역사와 비판적 사고',3,'','Grade','','신은경',3.0,3.0,0.0,0.0,21,2,35,37),(19474,'0911001','23',1,8,'전학년','교양선택','역사와 비판적 사고',3,'','Grade','','임승필',3.0,3.0,0.0,0.0,21,0,35,35),(19475,'0911002','01',1,8,'전학년','교양선택','차이와 비판적 사고',3,'','Grade','','김동수',3.0,3.0,0.0,0.0,21,4,35,36),(19476,'0911002','02',1,8,'전학년','교양선택','차이와 비판적 사고',3,'','Grade','','미지정',3.0,3.0,0.0,0.0,21,0,35,52),(19477,'0911002','03',1,8,'전학년','교양선택','차이와 비판적 사고',3,'','Grade','','박승권',3.0,3.0,0.0,0.0,21,3,35,40),(19478,'0911002','04',1,8,'전학년','교양선택','차이와 비판적 사고',3,'','Grade','','서대원',3.0,3.0,0.0,0.0,21,14,35,49),(19479,'0911002','05',1,8,'전학년','교양선택','차이와 비판적 사고',3,'','Grade','','김상돈',3.0,3.0,0.0,0.0,21,1,35,42),(19480,'0911002','06',1,8,'전학년','교양선택','차이와 비판적 사고',3,'','Grade','','양혜승',3.0,3.0,0.0,0.0,21,2,35,44),(19481,'0911002','07',1,8,'전학년','교양선택','차이와 비판적 사고',3,'','Grade','','이상화',3.0,3.0,0.0,0.0,21,4,35,36),(19482,'0911002','08',1,8,'전학년','교양선택','차이와 비판적 사고',3,'','Grade','','박권수',3.0,3.0,0.0,0.0,21,1,35,35),(19483,'0911002','09',1,8,'전학년','교양선택','차이와 비판적 사고',3,'','Grade','','권현지',3.0,3.0,0.0,0.0,21,1,35,35),(19484,'0911002','10',1,8,'전학년','교양선택','차이와 비판적 사고',3,'','Grade','','박승권',3.0,3.0,0.0,0.0,21,5,35,37),(19485,'0911002','11',1,8,'전학년','교양선택','차이와 비판적 사고',3,'','Grade','','최원호',3.0,3.0,0.0,0.0,21,4,35,58),(19486,'0911002','12',1,8,'전학년','교양선택','차이와 비판적 사고',3,'','Grade','','임승필',3.0,3.0,0.0,0.0,21,2,35,36),(19487,'0911002','13',1,8,'전학년','교양선택','차이와 비판적 사고',3,'','Grade','','이상화',3.0,3.0,0.0,0.0,21,3,35,36),(19488,'0911002','14',1,8,'전학년','교양선택','차이와 비판적 사고',3,'','Grade','','김진아',3.0,3.0,0.0,0.0,21,17,35,52),(19489,'0911002','15',1,8,'전학년','교양선택','차이와 비판적 사고',3,'','Grade','','서대원',3.0,3.0,0.0,0.0,21,1,35,54),(19490,'0911002','16',1,8,'전학년','교양선택','차이와 비판적 사고',3,'','Grade','','박정연',3.0,3.0,0.0,0.0,21,0,35,34),(19491,'0911002','17',1,8,'전학년','교양선택','차이와 비판적 사고',3,'','Grade','','김진아',3.0,3.0,0.0,0.0,21,7,35,46),(19492,'0911002','18',1,8,'전학년','교양선택','차이와 비판적 사고',3,'','Grade','','서대원',3.0,3.0,0.0,0.0,21,6,35,23),(19493,'0911002','19',1,8,'전학년','교양선택','차이와 비판적 사고',3,'','Grade','','김진아',3.0,3.0,0.0,0.0,21,21,35,54),(19494,'0911002','20',1,8,'전학년','교양선택','차이와 비판적 사고',3,'','Grade','','조주영',3.0,3.0,0.0,0.0,21,1,35,47),(19495,'0911002','21',1,8,'전학년','교양선택','차이와 비판적 사고',3,'','Grade','','미지정',3.0,3.0,0.0,0.0,21,3,35,59),(19496,'0911002','22',1,8,'전학년','교양선택','차이와 비판적 사고',3,'','Grade','','박정연',3.0,3.0,0.0,0.0,21,4,35,40),(19497,'0914001','01',1,11,'전학년','교양선택','컴퓨팅 사고력 기르기',3,'','Grade','','노창배',3.0,3.0,0.0,0.0,21,10,30,49),(19498,'0914001','02',1,11,'전학년','교양선택','컴퓨팅 사고력 기르기',3,'','Grade','','오명륜',3.0,3.0,0.0,0.0,21,16,30,39),(19499,'0914001','03',1,11,'전학년','교양선택','컴퓨팅 사고력 기르기',3,'','Grade','','신미예',3.0,3.0,0.0,0.0,21,7,30,47),(19500,'0914001','04',1,11,'전학년','교양선택','컴퓨팅 사고력 기르기',3,'','Grade','','오명륜',3.0,3.0,0.0,0.0,21,8,30,50),(19501,'0914001','05',1,11,'전학년','교양선택','컴퓨팅 사고력 기르기',3,'','Grade','','노창배',3.0,3.0,0.0,0.0,21,15,30,49),(19502,'0914001','06',1,11,'전학년','교양선택','컴퓨팅 사고력 기르기',3,'','Grade','','강신심',3.0,3.0,0.0,0.0,21,1,30,42),(19503,'0914001','07',1,11,'전학년','교양선택','컴퓨팅 사고력 기르기',3,'','Grade','','홍인숙',3.0,3.0,0.0,0.0,21,9,30,37),(19504,'0914001','08',1,11,'전학년','교양선택','컴퓨팅 사고력 기르기',3,'','Grade','','오명륜',3.0,3.0,0.0,0.0,21,11,30,30),(19505,'0914001','09',1,11,'전학년','교양선택','컴퓨팅 사고력 기르기',3,'','Grade','','오명륜',3.0,3.0,0.0,0.0,21,1,30,39),(19506,'0914001','10',1,11,'전학년','교양선택','컴퓨팅 사고력 기르기',3,'','Grade','','홍인숙',3.0,3.0,0.0,0.0,21,4,30,49),(19507,'0914001','11',1,11,'전학년','교양선택','컴퓨팅 사고력 기르기',3,'','Grade','','신미예',3.0,3.0,0.0,0.0,21,1,30,45),(19508,'0914001','12',1,11,'전학년','교양선택','컴퓨팅 사고력 기르기',3,'','Grade','','엄남경',3.0,3.0,0.0,0.0,21,1,30,40),(19509,'0914001','13',1,11,'전학년','교양선택','컴퓨팅 사고력 기르기',3,'','Grade','','엄남경',3.0,3.0,0.0,0.0,21,7,30,43),(19510,'0914001','14',1,11,'전학년','교양선택','컴퓨팅 사고력 기르기',3,'','Grade','','엄남경',3.0,3.0,0.0,0.0,21,2,30,44),(19511,'0914001','15',1,11,'전학년','교양선택','컴퓨팅 사고력 기르기',3,'','Grade','','강신심',3.0,3.0,0.0,0.0,21,0,30,40),(19512,'0914001','16',1,11,'전학년','교양선택','컴퓨팅 사고력 기르기',3,'','Grade','','이은주',3.0,3.0,0.0,0.0,21,0,30,32),(19513,'0914001','17',1,11,'전학년','교양선택','컴퓨팅 사고력 기르기',3,'','Grade','','엄남경',3.0,3.0,0.0,0.0,21,6,30,63),(19514,'0914001','18',1,11,'전학년','교양선택','컴퓨팅 사고력 기르기',3,'','Grade','','이은주',3.0,3.0,0.0,0.0,21,5,30,62),(19515,'0914002','01',1,11,'전학년','교양선택','기초컴퓨터프로그래밍',3,'','Grade','','홍장의',2.0,2.0,2.0,1.0,21,2,30,40),(19516,'0914002','02',1,11,'전학년','교양선택','기초컴퓨터프로그래밍',3,'','Grade','','조오현',2.0,2.0,2.0,1.0,21,6,30,45),(19517,'0914002','03',1,11,'전학년','교양선택','기초컴퓨터프로그래밍',3,'','Grade','','정광수',2.0,2.0,2.0,1.0,21,2,30,42),(19518,'0914002','04',1,11,'전학년','교양선택','기초컴퓨터프로그래밍',3,'','Grade','','이병훈',2.0,2.0,2.0,1.0,21,8,30,45),(19519,'0914002','05',1,11,'전학년','교양선택','기초컴퓨터프로그래밍',3,'','Grade','','서영훈',2.0,2.0,2.0,1.0,21,4,30,38),(19520,'0914002','06',1,11,'전학년','교양선택','기초컴퓨터프로그래밍',3,'','Grade','','정광수',2.0,2.0,2.0,1.0,21,3,30,39),(19521,'0914002','07',1,11,'전학년','교양선택','기초컴퓨터프로그래밍',3,'','Grade','','박미',2.0,2.0,2.0,1.0,21,1,30,38),(19522,'0914002','08',1,11,'전학년','교양선택','기초컴퓨터프로그래밍',3,'','Grade','','최정희',2.0,2.0,2.0,1.0,21,3,30,38),(19523,'0914002','09',1,11,'전학년','교양선택','기초컴퓨터프로그래밍',3,'','Grade','','양우석',2.0,2.0,2.0,1.0,21,11,30,50),(19524,'0914002','10',1,11,'전학년','교양선택','기초컴퓨터프로그래밍',3,'','Grade','','주영관',2.0,2.0,2.0,1.0,21,1,30,44),(19525,'0914002','11',1,11,'전학년','교양선택','기초컴퓨터프로그래밍',3,'','Grade','','손호선',2.0,2.0,2.0,1.0,21,1,30,42),(19526,'0914002','12',1,11,'전학년','교양선택','기초컴퓨터프로그래밍',3,'','Grade','','미지정',2.0,2.0,2.0,1.0,21,0,30,31),(19527,'0914006','01',1,11,'전학년','교양선택','정보기술 프로그래밍(Python 프로그래밍)',3,'','Grade','','이춘희',2.0,2.0,2.0,1.0,21,3,30,35),(19528,'0914006','02',1,11,'전학년','교양선택','정보기술 프로그래밍(Python 프로그래밍)',3,'','Grade','','구미숙',2.0,2.0,2.0,1.0,21,0,30,45),(19529,'0914006','03',1,11,'전학년','교양선택','정보기술 프로그래밍(Python 프로그래밍)',3,'','Grade','','이춘희',2.0,2.0,2.0,1.0,21,4,30,43),(19530,'0914006','04',1,11,'전학년','교양선택','정보기술 프로그래밍(Python 프로그래밍)',3,'','Grade','','강민설',2.0,2.0,2.0,1.0,21,3,30,40),(19531,'0914006','05',1,11,'전학년','교양선택','정보기술 프로그래밍(Python 프로그래밍)',3,'','Grade','','정광수',2.0,2.0,2.0,1.0,21,6,30,55),(19532,'0914006','06',1,11,'전학년','교양선택','정보기술 프로그래밍(Python 프로그래밍)',3,'','Grade','','강민설',2.0,2.0,2.0,1.0,21,2,30,58),(19533,'0914006','07',1,11,'전학년','교양선택','정보기술 프로그래밍(Python 프로그래밍)',3,'','Grade','','한정아',2.0,2.0,2.0,1.0,21,4,30,46),(19534,'0914006','08',1,11,'전학년','교양선택','정보기술 프로그래밍(Python 프로그래밍)',3,'','Grade','','양우석',2.0,2.0,2.0,1.0,21,2,30,47),(19535,'0914006','09',1,11,'전학년','교양선택','정보기술 프로그래밍(Python 프로그래밍)',3,'','Grade','','박미',2.0,2.0,2.0,1.0,21,2,30,42),(19536,'0914006','10',1,11,'전학년','교양선택','정보기술 프로그래밍(Python 프로그래밍)',3,'','Grade','','이의신',2.0,2.0,2.0,1.0,21,3,30,30),(19537,'0914006','11',1,11,'전학년','교양선택','정보기술 프로그래밍(Python 프로그래밍)',3,'','Grade','','류성필',2.0,2.0,2.0,1.0,21,2,30,43),(19538,'0914006','12',1,11,'전학년','교양선택','정보기술 프로그래밍(Python 프로그래밍)',3,'','Grade','','임종태',2.0,2.0,2.0,1.0,21,2,30,35),(19539,'0914006','13',1,11,'전학년','교양선택','정보기술 프로그래밍(Python 프로그래밍)',3,'','Grade','','한정아',2.0,2.0,2.0,1.0,21,5,30,53),(19540,'0914006','14',1,11,'전학년','교양선택','정보기술 프로그래밍(Python 프로그래밍)',3,'','Grade','','구미숙',2.0,2.0,2.0,1.0,21,4,30,43),(19541,'0914006','15',1,11,'전학년','교양선택','정보기술 프로그래밍(Python 프로그래밍)',3,'','Grade','','우선미',2.0,2.0,2.0,1.0,21,0,30,45),(19542,'0914006','16',1,11,'전학년','교양선택','정보기술 프로그래밍(Python 프로그래밍)',3,'','Grade','','우선미',2.0,2.0,2.0,1.0,21,4,30,48),(19543,'0914006','17',1,11,'전학년','교양선택','정보기술 프로그래밍(Python 프로그래밍)',3,'','Grade','','구미숙',2.0,2.0,2.0,1.0,21,4,30,40),(19544,'0914007','01',1,11,'전학년','교양선택','인공지능 활용력 기르기',3,'','Grade','','강신심',3.0,3.0,0.0,0.0,21,15,200,228),(19545,'5110001','01',12,5,'1학년','전공필수','창의공학설계',2,'일반','Grade','','김미혜',0.0,0.0,4.0,2.0,21,15,50,55),(19546,'5110051','01',12,6,'1학년','전공선택','컴퓨터공학개론',3,'일반','Grade','','최승권',3.0,3.0,0.0,0.0,21,5,50,30),(19547,'5110005','01',12,5,'2학년','전공필수','이산수학',3,'일반','Grade','','정태은',3.0,3.0,0.0,0.0,21,67,50,57),(19548,'5110007','01',12,6,'2학년','전공선택','C/C++프로그래밍',3,'일반','Grade','','조겨리',2.0,2.0,2.0,1.0,21,46,50,50),(19549,'5110047','01',12,6,'2학년','전공선택','데이터통신',3,'일반','Grade','','오창석',3.0,3.0,0.0,0.0,21,41,50,50),(19550,'5110054','01',12,6,'2학년','전공선택','자료구조',3,'일반','Grade','','김현수',3.0,3.0,0.0,0.0,21,18,50,21),(19551,'5110056','01',12,6,'2학년','전공선택','이산수학',3,'일반','Grade','','최승권',3.0,3.0,0.0,0.0,21,15,50,19),(19552,'5110124','01',12,6,'2학년','전공선택','전자회로및설계',3,'일반','Grade','','김성진',2.0,2.0,2.0,1.0,21,30,30,32),(19553,'5110125','01',12,6,'2학년','전공선택','오픈소스기초프로젝트',3,'일반','Grade','','정영섭',2.0,2.0,2.0,1.0,21,36,50,41),(19554,'5110146','01',12,6,'2학년','전공선택','고급컴퓨터프로그래밍',3,'일반','Grade','','원소민',3.0,3.0,0.0,0.0,21,15,50,18),(19555,'5110147','01',12,6,'2학년','전공선택','논리회로',3,'일반','Grade','','서용철',3.0,3.0,0.0,0.0,21,14,50,18),(19556,'5110011','01',12,5,'3학년','전공필수','컴퓨터구조',3,'일반','Grade','','김봉재',3.0,3.0,0.0,0.0,21,36,50,50),(19557,'5110016','01',12,5,'3학년','전공필수','운영체제',3,'일반','Grade','','조겨리',3.0,3.0,0.0,0.0,21,43,50,49),(19558,'5110018','01',12,5,'3학년','전공필수','프로그래밍언어론',3,'일반','Grade','','정영섭',3.0,3.0,0.0,0.0,21,42,50,51),(19559,'5110058','01',12,6,'3학년','전공선택','프로그래밍언어론',3,'일반','Grade','','서영훈',3.0,3.0,0.0,0.0,21,7,50,19),(19560,'5110061','01',12,6,'3학년','전공선택','데이터통신',3,'일반','Grade','','서용철',3.0,3.0,0.0,0.0,21,4,50,17),(19561,'5110062','01',12,6,'3학년','전공선택','운영체제',3,'일반','Grade','','원소민',3.0,3.0,0.0,0.0,21,6,50,20),(19562,'5110068','01',12,6,'3학년','전공선택','인터넷프로그래밍',3,'일반','Grade','','원소민',3.0,3.0,0.0,0.0,21,4,50,17),(19563,'5110099','01',12,6,'3학년','전공선택','알고리즘',3,'일반','Grade','','김봉재',3.0,3.0,0.0,0.0,21,39,50,48),(19564,'5110132','01',12,6,'3학년','전공선택','오픈소스전문프로젝트',3,'일반','Grade','','정영섭',2.0,2.0,2.0,1.0,21,30,40,34),(19565,'5110151','01',12,6,'3학년','전공선택','알고리즘',3,'일반','Grade','','김현수',3.0,3.0,0.0,0.0,21,8,50,18),(19566,'5110089','01',12,6,'4학년','전공선택','분산컴퓨팅시스템',3,'일반','Grade','','박성훈',3.0,3.0,0.0,0.0,21,15,50,21),(19567,'5110106','01',12,6,'4학년','전공선택','소프트웨어공학',3,'일반','Grade','','이선형',3.0,3.0,0.0,0.0,21,8,50,16),(19568,'5110135','01',12,5,'4학년','전공필수','캡스톤디자인',2,'일반','Grade','','조겨리',0.0,0.0,4.0,2.0,21,40,50,45),(19569,'5110136','01',12,6,'4학년','전공선택','머신러닝',3,'일반','Grade','','조겨리',3.0,3.0,0.0,0.0,21,27,50,27),(19570,'5110138','01',12,6,'4학년','전공선택','소프트웨어실전영어',2,'일반','Grade','','김미혜',2.0,2.0,0.0,0.0,21,33,50,39),(19571,'5110154','01',12,6,'4학년','전공선택','소프트웨어실전영어',3,'일반','Grade','','이민수',3.0,3.0,0.0,0.0,21,9,50,18),(19572,'5110155','01',12,6,'4학년','전공선택','인공지능',3,'일반','Grade','','이선형',3.0,3.0,0.0,0.0,21,7,50,16),(19573,'5110156','01',12,6,'4학년','전공선택','정보보호',3,'일반','Grade','','최승권',3.0,3.0,0.0,0.0,21,6,50,16),(19574,'5110157','01',12,6,'4학년','전공선택','산학프로젝트',3,'일반','Grade','','박성훈',3.0,3.0,0.0,0.0,21,6,50,15),(19575,'5110166','01',12,6,'4학년','전공선택','정보·컴퓨터교재연구및지도법',3,'일반','Grade','','김미혜',3.0,3.0,0.0,0.0,21,18,25,15),(19576,'5110170','01',12,6,'4학년','전공선택','시스템소프트웨어',3,'일반','Grade','','김봉재',3.0,3.0,0.0,0.0,21,35,50,40),(19577,'5110122','01',12,5,'1학년','전공필수','미래설계탐색',1,'일반','PassFail','','장준환',0.0,0.0,2.0,1.0,21,20,50,57),(19578,'5110121','01',12,5,'2학년','전공필수','미래설계구현',1,'일반','PassFail','','조겨리',0.0,0.0,2.0,1.0,21,42,50,46),(19579,'5110130','01',12,5,'3학년','전공필수','창업기획',1,'일반','PassFail','','김봉재',0.0,0.0,2.0,1.0,21,37,50,40),(19580,'5100012','05',12,6,'4학년','전공선택','창업산학초청세미나Ⅰ',1,'일반','PassFail','','김봉재',0.0,0.0,2.0,1.0,21,27,200,32),(19581,'0913001','01',1,10,'전학년','교양선택','ACTION ENGLISH(영어Ⅱ)',3,'','Grade','','제임스파킨슨',4.0,4.0,0.0,0.0,21,6,40,19),(19582,'0913001','02',1,10,'전학년','교양선택','ACTION ENGLISH(영어Ⅱ)',3,'','Grade','','프레드K.리벤버그',4.0,4.0,0.0,0.0,21,2,40,11),(19583,'0913001','03',1,10,'전학년','교양선택','ACTION ENGLISH(영어Ⅱ)',3,'','Grade','','매리넌 조엘 마크 벤자민',4.0,4.0,0.0,0.0,21,10,40,13),(19584,'0913001','04',1,10,'전학년','교양선택','ACTION ENGLISH(영어Ⅱ)',3,'','Grade','','이강영',4.0,4.0,0.0,0.0,21,7,40,5),(19585,'0913001','05',1,10,'전학년','교양선택','ACTION ENGLISH(영어Ⅱ)',3,'','Grade','','프레드K.리벤버그',4.0,4.0,0.0,0.0,21,3,40,3),(19586,'0913001','06',1,10,'전학년','교양선택','ACTION ENGLISH(영어Ⅱ)',3,'','Grade','','허선민',4.0,4.0,0.0,0.0,21,6,40,11),(19587,'0913001','07',1,10,'전학년','교양선택','ACTION ENGLISH(영어Ⅱ)',3,'','Grade','','브라이언 키트 밀러',4.0,4.0,0.0,0.0,21,1,40,6),(19588,'0913001','08',1,10,'전학년','교양선택','ACTION ENGLISH(영어Ⅱ)',3,'','Grade','','제임스파킨슨',4.0,4.0,0.0,0.0,21,2,40,6),(19589,'0913001','09',1,10,'전학년','교양선택','ACTION ENGLISH(영어Ⅱ)',3,'','Grade','','브라이언 키트 밀러',4.0,4.0,0.0,0.0,21,3,40,8),(19590,'0913001','10',1,10,'전학년','교양선택','ACTION ENGLISH(영어Ⅱ)',3,'','Grade','','브라이언 키트 밀러',4.0,4.0,0.0,0.0,21,2,40,1),(19591,'0913001','11',1,10,'전학년','교양선택','ACTION ENGLISH(영어Ⅱ)',3,'','Grade','','제임스파킨슨',4.0,4.0,0.0,0.0,21,1,40,1),(19592,'0913001','12',1,10,'전학년','교양선택','ACTION ENGLISH(영어Ⅱ)',3,'','Grade','','레이몬드 레브니악',4.0,4.0,0.0,0.0,21,1,40,2),(19593,'0913001','13',1,10,'전학년','교양선택','ACTION ENGLISH(영어Ⅱ)',3,'','Grade','','크리스토퍼 폴리아스코',4.0,4.0,0.0,0.0,21,3,40,10),(19594,'0913001','14',1,10,'전학년','교양선택','ACTION ENGLISH(영어Ⅱ)',3,'','Grade','','크리스토퍼 폴리아스코',4.0,4.0,0.0,0.0,21,22,40,28),(19595,'0913001','15',1,10,'전학년','교양선택','ACTION ENGLISH(영어Ⅱ)',3,'','Grade','','크리스토퍼 폴리아스코',4.0,4.0,0.0,0.0,21,3,40,7),(19596,'0913001','16',1,10,'전학년','교양선택','ACTION ENGLISH(영어Ⅱ)',3,'','Grade','','미지정',4.0,4.0,0.0,0.0,21,12,40,15),(19597,'0913001','17',1,10,'전학년','교양선택','ACTION ENGLISH(영어Ⅱ)',3,'','Grade','','매리넌 조엘 마크 벤자민',4.0,4.0,0.0,0.0,21,10,40,11),(19598,'0913001','18',1,10,'전학년','교양선택','ACTION ENGLISH(영어Ⅱ)',3,'','Grade','','미지정',4.0,4.0,0.0,0.0,21,3,40,5),(19599,'0913001','19',1,10,'전학년','교양선택','ACTION ENGLISH(영어Ⅱ)',3,'','Grade','','레이몬드 레브니악',4.0,4.0,0.0,0.0,21,0,40,1),(19600,'0913001','20',1,10,'전학년','교양선택','ACTION ENGLISH(영어Ⅱ)',3,'','Grade','','크리스토퍼 폴리아스코',4.0,4.0,0.0,0.0,21,3,40,7),(19601,'0913002','01',1,10,'전학년','교양선택','영어읽기와 토론(영어Ⅰ)',3,'','Grade','','제임스파킨슨',4.0,4.0,0.0,0.0,21,3,40,5),(19602,'0913002','02',1,10,'전학년','교양선택','영어읽기와 토론(영어Ⅰ)',3,'','Grade','','이강영',4.0,4.0,0.0,0.0,21,5,40,4),(19603,'0913002','03',1,10,'전학년','교양선택','영어읽기와 토론(영어Ⅰ)',3,'','Grade','','미지정',4.0,4.0,0.0,0.0,21,6,40,5),(19604,'0913002','04',1,10,'전학년','교양선택','영어읽기와 토론(영어Ⅰ)',3,'','Grade','','서동희',4.0,4.0,0.0,0.0,21,2,40,6),(19605,'0913002','05',1,10,'전학년','교양선택','영어읽기와 토론(영어Ⅰ)',3,'','Grade','','미지정',4.0,4.0,0.0,0.0,21,1,40,3),(19606,'0913002','06',1,10,'전학년','교양선택','영어읽기와 토론(영어Ⅰ)',3,'','Grade','','허선민',4.0,4.0,0.0,0.0,21,0,40,1),(19607,'0913002','07',1,10,'전학년','교양선택','영어읽기와 토론(영어Ⅰ)',3,'','Grade','','레이몬드 레브니악',4.0,4.0,0.0,0.0,21,6,40,10),(19608,'0913002','08',1,10,'전학년','교양선택','영어읽기와 토론(영어Ⅰ)',3,'','Grade','','레이몬드 레브니악',4.0,4.0,0.0,0.0,21,4,40,6),(19609,'0913002','09',1,10,'전학년','교양선택','영어읽기와 토론(영어Ⅰ)',3,'','Grade','','브라이언 키트 밀러',4.0,4.0,0.0,0.0,21,0,40,1),(19610,'0913002','10',1,10,'전학년','교양선택','영어읽기와 토론(영어Ⅰ)',3,'','Grade','','브라이언 키트 밀러',4.0,4.0,0.0,0.0,21,6,40,9),(19611,'0913002','11',1,10,'전학년','교양선택','영어읽기와 토론(영어Ⅰ)',3,'','Grade','','레이몬드 레브니악',4.0,4.0,0.0,0.0,21,3,40,3),(19612,'0913002','12',1,10,'전학년','교양선택','영어읽기와 토론(영어Ⅰ)',3,'','Grade','','허선민',4.0,4.0,0.0,0.0,21,5,40,5),(19613,'0913002','13',1,10,'전학년','교양선택','영어읽기와 토론(영어Ⅰ)',3,'','Grade','','미지정',4.0,4.0,0.0,0.0,21,1,40,1),(19614,'0913002','14',1,10,'전학년','교양선택','영어읽기와 토론(영어Ⅰ)',3,'','Grade','','안지희',4.0,4.0,0.0,0.0,21,2,40,9),(19615,'0913002','15',1,10,'전학년','교양선택','영어읽기와 토론(영어Ⅰ)',3,'','Grade','','서동희',4.0,4.0,0.0,0.0,21,3,40,5),(19616,'0913002','16',1,10,'전학년','교양선택','영어읽기와 토론(영어Ⅰ)',3,'','Grade','','송현희',4.0,4.0,0.0,0.0,21,11,40,16),(19617,'0913002','17',1,10,'전학년','교양선택','영어읽기와 토론(영어Ⅰ)',3,'','Grade','','매리넌 조엘 마크 벤자민',4.0,4.0,0.0,0.0,21,3,40,3),(19618,'0913002','18',1,10,'전학년','교양선택','영어읽기와 토론(영어Ⅰ)',3,'','Grade','','황연',4.0,4.0,0.0,0.0,21,4,40,9),(19619,'0913002','19',1,10,'전학년','교양선택','영어읽기와 토론(영어Ⅰ)',3,'','Grade','','매리넌 조엘 마크 벤자민',4.0,4.0,0.0,0.0,21,1,40,6),(19620,'0913002','20',1,10,'전학년','교양선택','영어읽기와 토론(영어Ⅰ)',3,'','Grade','','매리넌 조엘 마크 벤자민',4.0,4.0,0.0,0.0,21,4,40,8),(19621,'0933007','01',1,20,'전학년','교양선택','특강한국사',3,'','Grade','','조혁연',3.0,3.0,0.0,0.0,21,26,100,61),(19622,'0933008','01',1,20,'전학년','교양선택','생활 속의 창업아이디어',3,'','Grade','','김도형',3.0,3.0,0.0,0.0,21,37,50,63),(19623,'0933011','01',1,20,'전학년','교양선택','창업옴니버스',2,'','PassFail','','이경은',2.0,2.0,0.0,0.0,21,176,300,286),(19624,'0933012','01',1,20,'전학년','교양선택','영화로 영어공부하기',3,'','Grade','','이강영',3.0,3.0,0.0,0.0,21,5,45,7),(19625,'0933017','01',1,20,'전학년','교양선택','진로탐색과 진로설정 인문사회계열',2,'','PassFail','','김성옥',2.0,2.0,0.0,0.0,21,94,190,189),(19626,'0933018','01',1,20,'전학년','교양선택','진로탐색과 진로설정 자연과학공학계열',2,'','PassFail','','손수미',2.0,2.0,0.0,0.0,21,97,290,291),(19627,'0933019','01',1,20,'전학년','교양선택','직업과 사회진출 인문사회계열',2,'','PassFail','','김정우, 허지민',2.0,2.0,0.0,0.0,21,50,60,60),(19628,'0933019','02',1,20,'전학년','교양선택','직업과 사회진출 인문사회계열',2,'','PassFail','','김정우, 허지민',2.0,2.0,0.0,0.0,21,45,60,60),(19629,'0933020','01',1,20,'전학년','교양선택','직업과 사회진출 자연과학공학계열',2,'','PassFail','','김세희, 정지선',2.0,2.0,0.0,0.0,21,72,60,67),(19630,'0933020','02',1,20,'전학년','교양선택','직업과 사회진출 자연과학공학계열',2,'','PassFail','','김세희, 정지선',2.0,2.0,0.0,0.0,21,64,60,65),(19631,'0933021','01',1,20,'전학년','교양선택','알기 쉬운 기업 살림살이',3,'','Grade','','배기수',3.0,3.0,0.0,0.0,21,10,50,26),(19632,'0933022','01',1,20,'전학년','교양선택','공공인재 진로탐색과 진로설정',3,'','PassFail','','정동주, 정윤식',3.0,3.0,0.0,0.0,21,162,80,80),(19633,'0933024','01',1,20,'전학년','교양선택','기초 디지털사진학',2,'','Grade','','연승호',1.0,1.0,2.0,1.0,21,7,50,16),(19634,'0933025','01',1,20,'전학년','교양선택','포토샵 기초와 응용',2,'','Grade','','백도현, 정우중',1.0,1.0,2.0,1.0,21,21,50,29),(19635,'0933027','01',1,20,'전학년','교양선택','CBNU 전공탐색',1,'','PassFail','','김선웅',1.0,1.0,0.0,0.0,21,182,200,387),(19636,'5100005','01',10,6,'4학년','전공선택','공업교육론',3,'일반','Grade','','서보석',3.0,3.0,0.0,0.0,21,31,30,31);
/*!40000 ALTER TABLE `course` ENABLE KEYS */;
UNLOCK TABLES;

--
-- Table structure for table `course_schedule`
--

DROP TABLE IF EXISTS `course_schedule`;
/*!40101 SET @saved_cs_client     = @@character_set_client */;
/*!50503 SET character_set_client = utf8mb4 */;
CREATE TABLE `course_schedule` (
  `schedule_id` int NOT NULL AUTO_INCREMENT,
  `course_id` int NOT NULL,
  `day` varchar(10) CHARACTER SET utf8mb4 COLLATE utf8mb4_unicode_ci NOT NULL,
  `times` varchar(50) CHARACTER SET utf8mb4 COLLATE utf8mb4_unicode_ci NOT NULL,
  `location` varchar(255) CHARACTER SET utf8mb4 COLLATE utf8mb4_unicode_ci NOT NULL,
  PRIMARY KEY (`schedule_id`),
  KEY `course_id` (`course_id`),
  CONSTRAINT `course_schedule_ibfk_1` FOREIGN KEY (`course_id`) REFERENCES `course` (`course_id`) ON DELETE CASCADE ON UPDATE CASCADE
) ENGINE=InnoDB AUTO_INCREMENT=21613 DEFAULT CHARSET=utf8mb4 COLLATE=utf8mb4_unicode_ci;
/*!40101 SET character_set_client = @saved_cs_client */;

--
-- Dumping data for table `course_schedule`
--

LOCK TABLES `course_schedule` WRITE;
/*!40000 ALTER TABLE `course_schedule` DISABLE KEYS */;
INSERT INTO `course_schedule` VALUES (20367,18578,'금','02,03,04','E8-7-307(50-307)'),(20368,18579,'월','06','E8-7-334(50-334)'),(20369,18579,'화','02,03','E8-7-334(50-334)'),(20370,18580,'화','06','E8-7-334(50-334)'),(20371,18580,'목','02,03','E8-7-334(50-334)'),(20372,18581,'화','06','E8-7-309(50-309)'),(20373,18581,'목','02,03','E8-7-309(50-309)'),(20374,18582,'화','06','E8-7-442(50-442)'),(20375,18582,'목','02,03','E8-7-442(50-442)'),(20376,18583,'화','08,09','E8-7-309(50-309)'),(20377,18583,'수','02','E8-7-309(50-309)'),(20378,18584,'월','03','E8-7-435(50-435)'),(20379,18584,'수','01,02','E8-7-435(50-435)'),(20380,18585,'화','08,09','E8-7-307(50-307)'),(20381,18585,'수','03','E8-7-307(50-307)'),(20382,18586,'화','05','E8-7-307(50-307)'),(20383,18586,'목','08,09','E8-7-307(50-307)'),(20384,18587,'화','05','E8-7-141(50-141)'),(20385,18587,'목','08,09','E8-7-141(50-141)'),(20386,18588,'수','06,07','E8-7-334(50-334)'),(20387,18588,'금','06','E8-7-334(50-334)'),(20388,18589,'수','05','E8-7-440(50-440)'),(20389,18589,'금','07,08','E8-7-440(50-440)'),(20390,18590,'월','08,09','E10-교육218'),(20391,18590,'수','08,09','E8-7-334(50-334)'),(20392,18591,'월','08,09','E8-7-334(50-334)'),(20393,18591,'수','08,09','E10-교육218'),(20394,18592,'금','01,02,03,04','E9-604(학연604)'),(20395,18593,'금','06,07,08,09','E9-604(학연604)'),(20396,18594,'금','01,02,03,04','E9-673(학연673)'),(20397,18595,'금','06,07,08,09','E9-605(학연605)'),(20398,18596,'화','07','E8-7-334(50-334)'),(20399,18596,'목','08,09','E8-7-334(50-334)'),(20400,18597,'월','01','E8-7-334(50-334)'),(20401,18597,'수','01,02','E8-7-334(50-334)'),(20402,18598,'화','08,09','E8-7-334(50-334)'),(20403,18598,'목','07','E8-7-334(50-334)'),(20404,18599,'화','08,09','E8-7-435(50-435)'),(20405,18599,'목','07','E8-7-435(50-435)'),(20406,18600,'수','08','E8-7-435(50-435)'),(20407,18600,'목','02,03','E8-7-435(50-435)'),(20408,18601,'월','02,03','E8-7-334(50-334)'),(20409,18601,'수','03','E8-7-334(50-334)'),(20410,18602,'월','02,03','E8-7-309(50-309)'),(20411,18602,'수','03','E8-7-309(50-309)'),(20412,18603,'월','06,07','E10-교육218'),(20413,18603,'수','06,07','E10-교육218'),(20414,18604,'목','04,05','E8-7-334(50-334)'),(20415,18604,'금','10,11','E8-7-334(50-334)'),(20416,18605,'목','04,05','E10-교육218'),(20417,18605,'금','10,11','E10-교육218'),(20418,18606,'목','04,05','E8-7-309(50-309)'),(20419,18606,'금','10,11','E8-7-309(50-309)'),(20420,18607,'화','06,07','E10-교육218'),(20421,18607,'수','02','E10-교육218'),(20422,18608,'월','08,09','E8-7-435(50-435)'),(20423,18608,'수','07','E8-7-435(50-435)'),(20424,18609,'월','01,02','E8-7-435(50-435)'),(20425,18609,'수','03','E8-7-435(50-435)'),(20426,18610,'목','08,09','E9-105C(학연105C)'),(20427,18611,'월','08,09','E8-7-305(50-305)'),(20428,18612,'화','05,06','E8-7-439(50-439)'),(20429,18612,'목','06','E8-7-439(50-439)'),(20430,18613,'월','03','E8-7-442(50-442)'),(20431,18613,'수','02,03','E8-7-442(50-442)'),(20432,18614,'화','07,08,09,10','E9-604(학연604)'),(20433,18615,'화','07,08,09,10','E9-605(학연605)'),(20434,18616,'월','09','E8-7-439(50-439)'),(20435,18616,'목','02,03','E8-7-439(50-439)'),(20436,18617,'월','05,06','E10-교육318'),(20437,18617,'수','05,06','E10-교육318'),(20438,18618,'월','07,08','E10-교육318'),(20439,18618,'수','08,09','E10-교육318'),(20440,18619,'화','02,03','E8-7-305(50-305)'),(20441,18619,'수','07','E8-7-305(50-305)'),(20442,18620,'목','07,08,09','E8-7-305(50-305)'),(20443,18621,'월','03','E8-7-305(50-305)'),(20444,18621,'수','08,09','E8-7-305(50-305)'),(20445,18622,'금','01,02,03,04','E8-8-305(51-305)'),(20446,18623,'월','07,08','E8-7-442(50-442)'),(20447,18623,'수','07','E8-7-442(50-442)'),(20448,18624,'월','05,06','E8-7-305(50-305)'),(20449,18624,'화','06','E8-7-305(50-305)'),(20450,18625,'수','01,02,03,04','E10-교육318'),(20451,18626,'화','02,03','E8-7-307(50-307)'),(20452,18626,'목','02','E8-7-307(50-307)'),(20453,18627,'목','07,08,09','E10-교육318'),(20454,18628,'화','01,02,03','E8-7-439(50-439)'),(20455,18629,'월','05,06,07','E8-7-439(50-439)'),(20456,18630,'화','04,05,10,11','E10-교육318'),(20457,18631,'화','04,05,10,11','E8-7-442(50-442)'),(20458,18632,'목','08,09','E9-105G(학연산105G)'),(20459,18742,'목','06,07,08','N16-1-127(58-127)'),(20460,18743,'수','06,07,08','N15-171(57-171)'),(20461,18744,'화','02,03,04','N13-101(59-101)'),(20462,18745,'목','06,07,08','N15-171(57-171)'),(20463,18746,'목','07,08,09','N14-203(56-203)'),(20464,18747,'화','06,07,08','N13-101(59-101)'),(20465,18748,'월','07,08,09','S20-101'),(20466,18749,'수','02,03,04','N16-1-127(58-127)'),(20467,18750,'수','06,07,08','N16-1-123(58-123)'),(20468,18751,'월','02,03,04','N16-1-127(58-127)'),(20469,18752,'금','06,07,08','N16-1-127(58-127)'),(20470,18753,'화','06,07,08','N16-1-127(58-127)'),(20471,18754,'목','04,05,06','N14-105(56-105)'),(20472,18755,'수','06,07,08','N15-245(57-245)'),(20473,18756,'목','02,03,04','N16-1-123(58-123)'),(20474,18757,'화','05,06,07','N15-245(57-245)'),(20475,18758,'수','02,03,04','N15-245(57-245)'),(20476,18759,'목','06,07,08','N15-245(57-245)'),(20477,18761,'월','07,08,09','N14-202(56-202)'),(20478,18762,'화','07,08,09','N14-202(56-202)'),(20479,18763,'월','02,03,04','N14-203(56-203)'),(20480,18764,'수','07,08,09','E1-2-413(81-413)'),(20481,18765,'월','01,02,03','E8-7-141(50-141)'),(20482,18766,'수','01,02,03','E8-7-440(50-440)'),(20483,18767,'월','06,07,08','N20-1-115(62-115)'),(20484,18768,'월','02,03,04','N14-204(56-204)'),(20485,18769,'화','02,03,04','N14-204(56-204)'),(20486,18770,'화','06,07,08','N14-204(56-204)'),(20487,18771,'수','02,03,04','N14-204(56-204)'),(20488,18772,'수','06,07,08','N14-204(56-204)'),(20489,18773,'목','02,03,04','E1-1-148'),(20490,18774,'목','06,07,08','E1-1-148'),(20491,18775,'금','02,03,04','N20-1-115(62-115)'),(20492,18776,'수','06,07,08','N18-110'),(20493,18777,'목','02,03,04','N14-206(56-206)'),(20494,18778,'월','07,08,09','N14-109(56-109)'),(20495,18779,'금','01,02,03','N14-108(56-108)'),(20496,18780,'월','04,05,06','N18-110'),(20497,18781,'월','07,08,09','N18-110'),(20498,18782,'화','06,07,08','N14-306(56-306)'),(20499,18783,'목','01,02,03','N14-105(56-105)'),(20500,18784,'목','02,03,04','N14-204(56-204)'),(20501,18785,'수','02,03,04','N20-1-115(62-115)'),(20502,18786,'화','06,07,08','N20-1-115(62-115)'),(20503,18787,'월','05,06,07','E1-1-148'),(20504,18788,'화','02,03,04','N20-1-115(62-115)'),(20505,18789,'월','02,03,04','N20-1-115(62-115)'),(20506,18790,'월','01,02,03','N2-207'),(20507,18791,'월','01,02,03','N14-107(56-107)'),(20508,18792,'화','06,07,08','N16-1-258(58-258)'),(20509,18793,'목','04,05,06','N18-110'),(20510,18794,'목','07,08,09','N18-110'),(20511,18795,'목','06,07,08','N14-206(56-206)'),(20512,18796,'목','10,11,12','가상강의실2'),(20513,18797,'월','02,03,04','N16-1-329(58-329)'),(20514,18798,'월','06,07,08','N14-702(56-702)'),(20515,18799,'화','05,06','N14-202(56-202)'),(20516,18800,'수','06,07,08','N20-1-115(62-115)'),(20517,18801,'목','02,03,04','N20-1-115(62-115)'),(20518,18802,'수','01,02,03','N13-403(59-403)'),(20519,18803,'월','06,07,08','N15-242(57-242)'),(20520,18805,'금','01,02,03,04','E8-3-368(46-368)'),(20521,18806,'금','06,07,08,09','E8-3-368(46-368)'),(20522,18807,'월','01,02,03,04','E8-3-368(46-368)'),(20523,18808,'수','06','E8-3-374(46-374)'),(20524,18808,'목','02,03','E8-3-374(46-374)'),(20525,18809,'수','06','E8-7-336(50-336)'),(20526,18809,'목','06,07','E8-7-336(50-336)'),(20527,18810,'월','06,07','E8-7-342(50-342)'),(20528,18810,'화','02','E8-7-342(50-342)'),(20529,18811,'화','06,07','E8-3-374(46-374)'),(20530,18811,'목','06','E8-3-374(46-374)'),(20531,18812,'월','08,09','E8-7-342(50-342)'),(20532,18812,'화','01','E8-7-342(50-342)'),(20533,18813,'월','08,09','E8-7-336(50-336)'),(20534,18813,'화','09','E8-7-336(50-336)'),(20535,18814,'화','06,07','E8-7-336(50-336)'),(20536,18814,'수','05','E8-7-336(50-336)'),(20537,18815,'화','03','E8-7-342(50-342)'),(20538,18815,'수','02,03','E8-7-342(50-342)'),(20539,18816,'금','01,02,03,04','E9-605(학연605)'),(20540,18817,'월','01,02,03,04','E9-605(학연605)'),(20541,18818,'월','01,02,03,04','E9-604(학연604)'),(20542,18819,'목','08','E8-3-374(46-374)'),(20543,18819,'금','06,07','E8-3-374(46-374)'),(20544,18820,'수','08,09','E8-7-342(50-342)'),(20545,18820,'목','06','E8-7-342(50-342)'),(20546,18821,'수','06','E8-7-342(50-342)'),(20547,18821,'목','08,09','E8-7-342(50-342)'),(20548,18822,'월','02,03','E8-7-342(50-342)'),(20549,18822,'수','05','E8-7-342(50-342)'),(20550,18823,'월','06,07','E8-7-440(50-440)'),(20551,18823,'화','01','E8-7-440(50-440)'),(20552,18824,'월','08,09','E8-7-440(50-440)'),(20553,18824,'목','02','E8-7-440(50-440)'),(20554,18825,'화','03','E8-3-374(46-374)'),(20555,18825,'수','02,03','E8-3-374(46-374)'),(20556,18826,'금','01,02,03,04','E9-671(학연671)'),(20557,18827,'금','06,07,08,09','E9-673(학연673)'),(20558,18828,'금','06,07,08,09','E9-671(학연671)'),(20559,18829,'월','05','E8-7-342(50-342)'),(20560,18829,'화','08,09','E8-7-342(50-342)'),(20561,18830,'수','01','E8-7-342(50-342)'),(20562,18830,'목','02,03','E8-7-342(50-342)'),(20563,18831,'화','06,07','E8-7-342(50-342)'),(20564,18831,'수','07','E8-7-342(50-342)'),(20565,18832,'월','07','E8-7-336(50-336)'),(20566,18832,'수','08,09','E8-7-336(50-336)'),(20567,18833,'월','02,03','E8-3-370(46-370)'),(20568,18833,'화','02','E8-3-370(46-370)'),(20569,18834,'금','01,02,03,04','E8-7-342(50-342)'),(20570,18835,'월','06','E8-7-336(50-336)'),(20571,18835,'수','02,03','E8-7-336(50-336)'),(20572,18836,'화','10','E8-7-342(50-342)'),(20573,18837,'목','08,09','E9-105A(학연105A)'),(20574,18838,'목','10,11,12','E8-7-342(50-342)'),(20575,18839,'화','02,03','E8-7-440(50-440)'),(20576,18839,'목','07','E8-7-440(50-440)'),(20577,18840,'월','02,03','E8-7-307(50-307)'),(20578,18840,'목','03','E8-7-307(50-307)'),(20579,18841,'화','06,07','E8-7-435(50-435)'),(20580,18841,'수','08','E8-7-442(50-442)'),(20581,18842,'월','08,09','E8-7-307(50-307)'),(20582,18842,'수','02','E8-7-307(50-307)'),(20583,18843,'금','01,02,03','E8-7-333(50-333)'),(20584,18844,'월','05,06','E8-7-307(50-307)'),(20585,18844,'목','06','E8-7-307(50-307)'),(20586,18845,'화','08,09','E10-교육120'),(20587,18845,'목','08,09','E10-교육120'),(20588,18846,'월','06,07,08,09','E10-교육418'),(20589,18847,'금','05,06,07,08','E10-교육418'),(20590,18848,'화','08','E10-교육418'),(20591,18848,'목','08,09','E10-교육418'),(20592,18849,'수','06,07','E10-교육120'),(20593,18850,'수','04,05','E10-교육120'),(20594,18851,'화','02,03','E8-7-333(50-333)'),(20595,18851,'목','02','E8-7-333(50-333)'),(20596,18852,'화','02,03','E10-교육120'),(20597,18852,'목','02','E10-교육120'),(20598,18853,'화','07','E10-교육120'),(20599,18853,'목','06,07','E10-교육120'),(20600,18854,'월','02,03','E10-교육120'),(20601,18854,'수','03','E10-교육120'),(20602,18855,'화','06','E10-교육120'),(20603,18855,'수','08,09','E10-교육120'),(20604,18856,'화','04,05','E8-7-333(50-333)'),(20605,18856,'금','10,11','E8-7-333(50-333)'),(20606,18857,'화','04,05','E10-교육120'),(20607,18857,'금','10,11','E10-교육120'),(20608,18858,'수','08,09','E8-7-333(50-333)'),(20609,18858,'목','06','E8-7-333(50-333)'),(20610,18859,'수','02,03','E10-교육418'),(20611,18859,'목','02','E10-교육418'),(20612,18860,'월','02,03','E10-교육418'),(20613,18860,'목','03','E10-교육418'),(20614,18861,'목','05','E10-교육120'),(20615,18862,'목','08,09','E9-105B(학연105B)'),(20616,18863,'수','07,08,09','N14-107(56-107)'),(20617,18864,'금','02,03,04','N14-103(56-103)'),(20618,18865,'수','07,08,09','N14-205(56-205)'),(20619,18866,'화','07,08,09','N16-1-259(58-259)'),(20620,18867,'목','01,02,03','N16-1-225(58-225)'),(20621,18868,'월','05,06,07','N16-1-329(58-329)'),(20622,18869,'목','07,08,09','N13-101(59-101)'),(20623,18870,'금','07,08,09','N16-1-329(58-329)'),(20624,18871,'수','02,03,04','N16-1-225(58-225)'),(20625,18872,'수','06,07,08','N13-101(59-101)'),(20626,18873,'수','06,07,08','N14-109(56-109)'),(20627,18874,'목','06,07,08','N14-109(56-109)'),(20628,18875,'화','01,02','N14-202(56-202)'),(20629,18876,'금','02,03','N14-102(56-102)'),(20630,18877,'월','05,06,07','N16-1-323(58-323)'),(20631,18878,'금','01,02,03','N16-1-329(58-329)'),(20632,18879,'목','04,05,06','N14-701(56-701)'),(20633,18880,'월','01,02,03','N14-106(56-106)'),(20634,18881,'화','01,02,03','N14-203(56-203)'),(20635,18882,'수','06,07,08','N14-203(56-203)'),(20636,18883,'금','02,03,04','N14-203(56-203)'),(20637,18884,'목','06,07,08','N18-112(64-112)'),(20638,18885,'화','01,02,03','N14-107(56-107)'),(20639,18886,'화','06,07,08','N13-104(59-104)'),(20640,18887,'목','02,03,04','E1-2-331(81-331)'),(20641,18888,'목','06,07,08','N16-1-123(58-123)'),(20642,18889,'수','10,11,12','E9-271(학연271)'),(20643,18890,'목','10,11,12,13','E9-241(학연241)'),(20644,18891,'화','10,11,12,13','E9-241(학연241)'),(20645,18892,'수','10,11,12,13','E9-241(학연241)'),(20646,18893,'월','10,11,12,13','E9-241(학연241)'),(20647,18894,'목','02,03,04','N14-203(56-203)'),(20648,18895,'수','06,07,08','N14-103(56-103)'),(20649,18896,'수','02,03,04','N14-203(56-203)'),(20650,18897,'화','02,03,04','N14-201(56-201)'),(20651,18898,'금','06,07,08','N14-203(56-203)'),(20652,18899,'화','05','S1-2-104(41-104)'),(20653,18899,'수','05,06','S1-2-104(41-104)'),(20654,18900,'월','09','S1-1-427(40-427)'),(20655,18900,'화','06,07','S1-1-427(40-427)'),(20656,18901,'월','05,06','S1-2-201(41-201)'),(20657,18901,'목','07','S1-2-201(41-201)'),(20658,18902,'화','05','S1-2-305(41-305)'),(20659,18902,'목','02,03','S1-2-305(41-305)'),(20660,18903,'화','06,07','S1-2-104(41-104)'),(20661,18903,'목','07','S1-2-104(41-104)'),(20662,18904,'월','05,06','S1-2-202(41-202)'),(20663,18904,'화','05','S1-2-202(41-202)'),(20664,18905,'월','09','E1-1-140(82-140)'),(20665,18905,'수','02,03','E1-2-331(81-331)'),(20666,18906,'월','08,09','S1-2-302(41-302)'),(20667,18906,'목','03','S1-2-302(41-302)'),(20668,18907,'월','07,08','S1-2-205(41-205)'),(20669,18907,'수','02','S1-2-205(41-205)'),(20670,18908,'화','02,03','S1-2-205(41-205)'),(20671,18908,'목','03','S1-2-205(41-205)'),(20672,18909,'화','02,03','E1-2-306(81-306)'),(20673,18909,'수','03','E1-1-136(82-136)'),(20674,18910,'월','02,03','S1-2-104(41-104)'),(20675,18910,'화','03','S1-2-104(41-104)'),(20676,18911,'월','02,03','S1-2-306(41-306)'),(20677,18911,'화','03','S1-2-306(41-306)'),(20678,18912,'수','05','S1-2-202(41-202)'),(20679,18912,'목','05,06','S1-2-202(41-202)'),(20680,18913,'화','05,06','S1-2-205(41-205)'),(20681,18913,'수','06','S1-2-205(41-205)'),(20682,18914,'월','01,02,03','S1-2-205(41-205)'),(20683,18915,'월','06,07,08','S1-2-104(41-104)'),(20684,18916,'월','06','S1-2-205(41-205)'),(20685,18916,'수','07,08','S1-2-205(41-205)'),(20686,18917,'수','06,07,08','S1-2-202(41-202)'),(20687,18918,'수','01,02,03','S1-2-104(41-104)'),(20688,18919,'화','03','S1-2-305(41-305)'),(20689,18919,'수','02,03','S1-2-305(41-305)'),(20690,18920,'화','03','E8-2-201(45-201)'),(20691,18920,'수','02,03','E8-2-201(45-201)'),(20692,18921,'수','02,03','S1-2-302(41-302)'),(20693,18921,'목','02','S1-2-302(41-302)'),(20694,18922,'화','02','S1-2-104(41-104)'),(20695,18922,'목','01,02','S1-2-104(41-104)'),(20696,18923,'화','02,03','S1-2-202(41-202)'),(20697,18923,'목','01','S1-2-202(41-202)'),(20698,18924,'화','02,03','S1-2-301(41-301)'),(20699,18924,'목','01','S1-2-301(41-301)'),(20700,18925,'화','02,03','S1-2-201(41-201)'),(20701,18925,'목','05','S1-2-201(41-201)'),(20702,18926,'목','05,06','S1-2-104(41-104)'),(20703,18926,'금','06','S1-2-104(41-104)'),(20704,18927,'목','05','S1-2-305(41-305)'),(20705,18927,'금','02,03','S1-2-305(41-305)'),(20706,18928,'목','05','S1-2-306(41-306)'),(20707,18928,'금','02,03','S1-2-306(41-306)'),(20708,18929,'수','08,09','E1-2-306(81-306)'),(20709,18929,'목','01','E1-2-306(81-306)'),(20710,18930,'금','01,02,03','S1-2-201(41-201)'),(20711,18931,'금','01,02,03','S1-2-202(41-202)'),(20712,18932,'화','07,08,09','S1-2-205(41-205)'),(20713,18933,'화','06,07,08','S1-3-203(42-203)'),(20714,18934,'목','01,02,03','N14-208(56-208)'),(20715,18935,'금','01,02,03','S1-2-104(41-104)'),(20716,18936,'월','10,11,12','S1-2-202(41-202)'),(20717,18937,'월','10,11,12','S1-2-205(41-205)'),(20718,18938,'화','05,06','E9-105A(학연105A)'),(20719,18939,'화','05,06','E8-7-409(50-409)'),(20720,18939,'수','07','E8-7-409(50-409)'),(20721,18940,'수','07,08,09','E8-10-211(508-211)'),(20722,18941,'금','05,06,07','E8-7-426(50-426)'),(20723,18942,'월','02,03','E8-7-434(50-434)'),(20724,18942,'수','05','E8-7-434(50-434)'),(20725,18943,'화','05','E8-7-426(50-426)'),(20726,18943,'금','02,03','E8-7-426(50-426)'),(20727,18944,'월','02,03','E8-7-409(50-409)'),(20728,18944,'수','05','E8-7-409(50-409)'),(20729,18945,'목','01,02,03,04','E9-605(학연605)'),(20730,18946,'화','01,02,03,04','E9-605(학연605)'),(20731,18947,'화','01,02,03,04','E9-604(학연604)'),(20732,18948,'목','01,02,03,04','E9-604(학연604)'),(20733,18949,'월','07','E8-7-307(50-307)'),(20734,18949,'화','06,07','E8-7-307(50-307)'),(20735,18950,'월','07','E8-7-141(50-141)'),(20736,18950,'화','06,07','E8-7-141(50-141)'),(20737,18951,'월','05,06','E8-7-426(50-426)'),(20738,18951,'수','02','E8-7-426(50-426)'),(20739,18952,'월','05,06','E8-7-409(50-409)'),(20740,18952,'수','02','E8-7-409(50-409)'),(20741,18953,'월','05,06','E8-7-434(50-434)'),(20742,18953,'수','02','E8-7-434(50-434)'),(20743,18954,'월','09','E8-10-104(508-104)'),(20744,18954,'목','06,07','E8-10-104(508-104)'),(20745,18955,'월','09','E8-7-141(50-141)'),(20746,18955,'목','06,07','E8-7-141(50-141)'),(20747,18956,'수','06','E8-7-434(50-434)'),(20748,18956,'금','05,06','E8-7-434(50-434)'),(20749,18957,'화','08,09','E8-7-434(50-434)'),(20750,18958,'화','08,09','E8-7-426(50-426)'),(20751,18959,'화','08,09','E8-7-440(50-440)'),(20752,18960,'월','02,03','E8-7-404(50-404)'),(20753,18960,'목','08,09','E8-7-404(50-404)'),(20754,18961,'월','07,08','E8-7-434(50-434)'),(20755,18961,'수','09','E8-7-434(50-434)'),(20756,18962,'월','07,08,09','E8-10-211(508-211)'),(20757,18963,'월','07,08','E8-7-409(50-409)'),(20758,18963,'수','09','E8-7-409(50-409)'),(20759,18964,'화','08','E8-10-211(508-211)'),(20760,18964,'목','06,07','E8-10-211(508-211)'),(20761,18965,'수','03','E8-7-409(50-409)'),(20762,18965,'목','06,07','E8-7-409(50-409)'),(20763,18966,'화','05','E8-7-434(50-434)'),(20764,18966,'목','06,07','E8-7-434(50-434)'),(20765,18967,'월','03','E8-7-426(50-426)'),(20766,18967,'수','07,08','E8-7-426(50-426)'),(20767,18968,'월','03','E8-10-211(508-211)'),(20768,18968,'수','05,06','E8-10-211(508-211)'),(20769,18969,'월','02','E8-7-426(50-426)'),(20770,18969,'화','02,03','E8-7-426(50-426)'),(20771,18970,'월','02','E8-10-211(508-211)'),(20772,18970,'화','02,03','E8-10-211(508-211)'),(20773,18971,'화','09','E8-10-211(508-211)'),(20774,18971,'수','01,02','E8-10-211(508-211)'),(20775,18972,'화','01','E8-7-141(50-141)'),(20776,18972,'수','01,02','E8-7-141(50-141)'),(20777,18973,'월','05,06','E8-7-417(50-417)'),(20778,18973,'금','04,05','E8-7-435(50-435)'),(20779,18974,'화','06,07','E8-7-426(50-426)'),(20780,18975,'화','06,07','E8-7-440(50-440)'),(20781,18976,'목','02','E8-10-211(508-211)'),(20782,18976,'금','02,03','E8-10-211(508-211)'),(20783,18977,'월','02,03','E8-7-417(50-417)'),(20784,18977,'수','08,09','E8-7-417(50-417)'),(20785,18978,'화','02,03','E8-7-434(50-434)'),(20786,18979,'화','02,03','E8-7-435(50-435)'),(20787,18980,'화','02,03','E8-7-141(50-141)'),(20788,18981,'화','02,03','E8-7-409(50-409)'),(20789,18982,'수','01,02,03,04','E8-7-417(50-417)'),(20790,18983,'수','01,02,03,04','E9-308(학연308)'),(20791,18984,'수','06','E8-7-426(50-426)'),(20792,18984,'목','06,07','E8-7-426(50-426)'),(20793,18985,'화','06,07,08,09','E8-7-417(50-417)'),(20794,18986,'월','05,06','E8-10-211(508-211)'),(20795,18986,'화','05','E8-10-211(508-211)'),(20796,18987,'월','07,08','E8-7-426(50-426)'),(20797,18987,'수','05','E8-7-426(50-426)'),(20798,18988,'목','08,09','E9-105D(학연105D)'),(20799,18989,'월','07,08,09','N14-102(56-102)'),(20800,18990,'화','06,07,08','N16-1-329(58-329)'),(20801,18991,'화','07,08,09','N16-1-125(58-125)'),(20802,18992,'월','02,03,04','N14-703(56-703)'),(20803,18993,'수','04,05,06','N16-1-226(58-226)'),(20804,18994,'수','02,03,04','N16-1-329(58-329)'),(20805,18995,'목','02,03,04','N16-1-125(58-125)'),(20806,18996,'수','07,08,09','N14-104(56-104)'),(20807,18997,'화','07,08,09','N14-703(56-703)'),(20808,18998,'월','07,08,09','N14-104(56-104)'),(20809,18999,'수','06,07,08','N16-1-329(58-329)'),(20810,19000,'화','07,08,09','N13-401(59-401)'),(20811,19001,'월','02,03,04','N16-1-123(58-123)'),(20812,19002,'수','07,08,09','N14-102(56-102)'),(20813,19003,'목','06,07,08','N14-202(56-202)'),(20814,19004,'월','08','N14-208(56-208)'),(20815,19004,'화','08,09','N14-208(56-208)'),(20816,19005,'화','02,03,04','N16-1-329(58-329)'),(20817,19006,'화','06,07,08','N14-207(56-207)'),(20818,19007,'금','06,07,08','N14-102(56-102)'),(20819,19008,'목','02,03,04','N16-1-329(58-329)'),(20820,19009,'수','06,07,08','N16-1-125(58-125)'),(20821,19010,'화','07,08,09','N13-103(59-103)'),(20822,19011,'목','06,07,08','N16-1-329(58-329)'),(20823,19012,'월','06,07,08','N18-112(64-112)'),(20824,19013,'화','02,03,04','N16-1-127(58-127)'),(20825,19014,'화','06,07,08','S21-4-246(92-246)'),(20826,19015,'수','02,03,04','N14-703(56-703)'),(20827,19016,'금','02,03,04','N16-1-123(58-123)'),(20828,19017,'목','02,03,04','N13-303(59-303)'),(20829,19018,'화','06,07,08','N14-203(56-203)'),(20830,19019,'월','02,03,04','N14-105(56-105)'),(20831,19020,'월','06,07,08','N14-108(56-108)'),(20832,19021,'월','06,07,08','N16-1-123(58-123)'),(20833,19022,'수','03,04,05','N14-704(56-704)'),(20834,19023,'월','06,07,08','N14-704(56-704)'),(20835,19024,'목','02,03,04','N14-704(56-704)'),(20836,19025,'목','06,07,08','N14-704(56-704)'),(20837,19026,'수','06,07,08','N14-704(56-704)'),(20838,19027,'월','06,07,08','N14-703(56-703)'),(20839,19028,'화','07,08,09','N14-102(56-102)'),(20840,19029,'화','06,07,08','N16-1-123(58-123)'),(20841,19030,'목','06,07,08','E1-2-331(81-331)'),(20842,19031,'금','10,11,12','가상강의실2'),(20843,19032,'수','07,08,09','N15-242(57-242)'),(20844,19033,'토','02,03,04','가상강의실2'),(20845,19034,'월','06,07,08','N16-1-125(58-125)'),(20846,19035,'화','02,03,04','N14-704(56-704)'),(20847,19036,'월','07,08,09','N14-107(56-107)'),(20848,19037,'화','04,05,06','N18-112(64-112)'),(20849,19038,'월','07,08,09','E1-2-413(81-413)'),(20850,19039,'목','07,08,09','N14-107(56-107)'),(20851,19040,'목','01,02,03','N14-106(56-106)'),(20852,19041,'토','01,02,03','가상강의실2'),(20853,19042,'화','06,07,08','N14-702(56-702)'),(20854,19043,'목','06,07,08','N16-1-125(58-125)'),(20855,19044,'화','02,03,04','N16-1-123(58-123)'),(20856,19045,'화','02,03,04','N16-1-125(58-125)'),(20857,19046,'화','06,07,08','N14-701(56-701)'),(20858,19047,'월','02,03,04','N14-201(56-201)'),(20859,19048,'월','02,03,04','N14-109(56-109)'),(20860,19049,'월','07,08,09','N13-401(59-401)'),(20861,19050,'화','01,02,03','N14-702(56-702)'),(20862,19051,'월','07,08,09','N13-104(59-104)'),(20863,19052,'월','07,08,09','N16-1-226(58-226)'),(20864,19053,'월','07,08,09','N13-304(59-304)'),(20865,19054,'화','07,08,09','N14-103(56-103)'),(20866,19055,'화','04,05,06','N14-107(56-107)'),(20867,19056,'화','07,08,09','N14-205(56-205)'),(20868,19057,'화','07,08,09','N13-403(59-403)'),(20869,19058,'수','01,02,03','N14-202(56-202)'),(20870,19059,'수','04,05,06','N14-701(56-701)'),(20871,19060,'금','01,02,03','N14-106(56-106)'),(20872,19061,'수','07,08,09','N13-104(59-104)'),(20873,19062,'목','01,02,03','N14-201(56-201)'),(20874,19063,'목','04,05,06','N14-201(56-201)'),(20875,19064,'목','04,05,06','N14-208(56-208)'),(20876,19065,'금','02,03,04','N14-107(56-107)'),(20877,19066,'금','02,03,04','N14-701(56-701)'),(20878,19067,'월','07,08,09','N13-403(59-403)'),(20879,19068,'화','01,02,03','N14-703(56-703)'),(20880,19069,'화','07,08,09','N13-404(59-404)'),(20881,19070,'화','05,06,07','N15-242(57-242)'),(20882,19071,'수','01,02,03','N14-102(56-102)'),(20883,19072,'목','01,02,03','N14-202(56-202)'),(20884,19073,'목','07,08,09','N14-104(56-104)'),(20885,19074,'금','02,03,04','N14-202(56-202)'),(20886,19075,'토','01,02,03','S21-4-143(92-143)'),(20887,19076,'화','01,02,03','N13-303(59-303)'),(20888,19077,'목','07,08,09','N14-208(56-208)'),(20889,19078,'금','06,07,08','N14-103(56-103)'),(20890,19079,'수','07,08,09','N13-303(59-303)'),(20891,19080,'월','02,03,04','N14-704(56-704)'),(20892,19081,'월','02,03,04','N15-242(57-242)'),(20893,19082,'금','02,03,04','N14-208(56-208)'),(20894,19083,'금','02,03,04','N14-206(56-206)'),(20895,19084,'월','02,03,04','N16-1-125(58-125)'),(20896,19085,'월','07,08,09','N13-502(59-502)'),(20897,19086,'월','07,08,09','N13-101(59-101)'),(20898,19087,'화','01,02,03','N16-1-258(58-258)'),(20899,19088,'화','07,08,09','S20-101'),(20900,19089,'화','07,08,09','S1-2-202(41-202)'),(20901,19090,'수','01,02,03','N16-1-125(58-125)'),(20902,19091,'수','07,08,09','N13-502(59-502)'),(20903,19092,'수','07,08,09','N13-404(59-404)'),(20904,19093,'목','01,02,03','N14-701(56-701)'),(20905,19094,'목','04,05,06','N13-104(59-104)'),(20906,19095,'목','04,05,06','N16-1-226(58-226)'),(20907,19096,'목','07,08,09','N13-304(59-304)'),(20908,19097,'목','07,08,09','N16-1-226(58-226)'),(20909,19098,'목','07,08,09','N13-401(59-401)'),(20910,19099,'월','02,03','E10-교육318'),(20911,19099,'목','02','E10-교육318'),(20912,19100,'월','10,11','E8-8-305(51-305)'),(20913,19101,'수','02,03,04','N14-104(56-104)'),(20914,19102,'화','06,07,08','N14-104(56-104)'),(20915,19103,'목','07,08,09','N14-106(56-106)'),(20916,19104,'화','07,08,09','N14-106(56-106)'),(20917,19105,'목','01,02,03','N14-107(56-107)'),(20918,19106,'월','00','가상강의실2'),(20919,19106,'화','00','가상강의실2'),(20920,19106,'수','00','가상강의실2'),(20921,19107,'화','07,08,09','N14-105(56-105)'),(20922,19108,'목','02,03,04','N16-1-258(58-258)'),(20923,19109,'월','02,03','S4-1-101(21-101)'),(20924,19109,'목','01','S4-1-101(21-101)'),(20925,19110,'월','05,06','S4-1-101(21-101)'),(20926,19110,'목','02','S4-1-101(21-101)'),(20927,19111,'월','07,08','S4-1-101(21-101)'),(20928,19111,'목','03','S4-1-101(21-101)'),(20929,19112,'화','02,03','E8-10-104(508-104)'),(20930,19113,'수','08,09','S4-1-106(21-106)'),(20931,19113,'목','07','S4-1-106(21-106)'),(20932,19114,'수','08,09','S4-1-104(21-104)'),(20933,19114,'목','07','S4-1-104(21-104)'),(20934,19115,'월','05,06','S4-1-106(21-106)'),(20935,19115,'목','08','S4-1-106(21-106)'),(20936,19116,'월','07,08,09','S4-1-102(21-102)'),(20937,19117,'화','07,08,09','S4-1-101(21-101)'),(20938,19118,'목','01,02','S4-1-103(21-103)'),(20939,19118,'금','02,03','S4-1-206(21-206)'),(20940,19119,'금','06,07,08,09','S4-1-206(21-206)'),(20941,19120,'금','05,06,07,08','S4-1-205(21-205)'),(20942,19121,'월','02,03','S4-1-102(21-102)'),(20943,19121,'화','05','S4-1-102(21-102)'),(20944,19122,'화','02,03','E9-105A(학연105A)'),(20945,19123,'수','01,02,03,04','S4-1-201(21-201)'),(20946,19124,'수','01,02,03,04','S4-1-204(21-204)'),(20947,19125,'화','05','S4-1-103(21-103)'),(20948,19125,'수','06,07','S4-1-103(21-103)'),(20949,19126,'화','08,09','S4-1-103(21-103)'),(20950,19126,'목','09','S4-1-103(21-103)'),(20951,19127,'화','08,09','S4-1-102(21-102)'),(20952,19127,'목','09','S4-1-102(21-102)'),(20953,19128,'화','06,07','S4-1-104(21-104)'),(20954,19128,'목','08','S4-1-104(21-104)'),(20955,19129,'화','06,07','S4-1-103(21-103)'),(20956,19129,'목','08','S4-1-103(21-103)'),(20957,19130,'화','06,07','S4-1-102(21-102)'),(20958,19130,'목','08','S4-1-102(21-102)'),(20959,19131,'월','02,03','S4-1-103(21-103)'),(20960,19131,'목','06','S4-1-103(21-103)'),(20961,19132,'화','02,03','S4-1-106(21-106)'),(20962,19133,'월','08,09','S4-1-103(21-103)'),(20963,19133,'수','02,03','S4-1-205(21-205)'),(20964,19134,'목','01,02,03,04','S4-1-204(21-204)'),(20965,19135,'수','05','S4-1-104(21-104)'),(20966,19135,'목','01,02','S4-1-104(21-104)'),(20967,19136,'월','08,09','S4-1-104(21-104)'),(20968,19136,'수','02,03','S4-1-206(21-206)'),(20969,19137,'월','05,06','S4-1-103(21-103)'),(20970,19137,'수','09','S4-1-103(21-103)'),(20971,19138,'금','01,02,03,04','S4-1-201(21-201)'),(20972,19139,'목','08,09','E9-105F(학연105F)'),(20973,19140,'수','05,06,07,08','S4-1-204(21-204)'),(20974,19141,'수','05,06,07,08','S4-1-201(21-201)'),(20975,19142,'목','01,02,03,04','S4-1-201(21-201)'),(20976,19143,'화','01,02','S4-1-206(21-206)'),(20977,19143,'목','06,07','S4-1-206(21-206)'),(20978,19144,'수','02,03','S4-1-102(21-102)'),(20979,19144,'목','06','S4-1-102(21-102)'),(20980,19145,'화','06','S4-1-106(21-106)'),(20981,19145,'수','02,03','S4-1-106(21-106)'),(20982,19146,'월','03,04','S4-1-104(21-104)'),(20983,19146,'수','01','S4-1-104(21-104)'),(20984,19147,'화','09,10','S4-1-106(21-106)'),(20985,19147,'금','08,09','S4-1-204(21-204)'),(20986,19148,'월','05,06','S4-1-104(21-104)'),(20987,19148,'화','07,08','S4-1-206(21-206)'),(20988,19149,'금','01,02,03','S4-1-205(21-205)'),(20989,19150,'월','08,09','S4-1-106(21-106)'),(20990,19150,'금','05','S4-1-106(21-106)'),(20991,19151,'수','05,06,07','S4-1-101(21-101)'),(20992,19152,'월','07,08','S1-1-239(40-239)'),(20993,19152,'화','07','S1-2-301(41-301)'),(20994,19152,'화','08,09','S1-2-207(41-207)'),(20995,19153,'화','08,09','S1-2-201(41-201)'),(20996,19153,'목','01','S1-2-201(41-201)'),(20997,19153,'목','02,03','S1-2-207(41-207)'),(20998,19154,'수','01,02,03','S1-1-239(40-239)'),(20999,19154,'금','02,03','S1-1-139(40-139)'),(21000,19155,'월','05,06,07','S1-3-202(42-202)'),(21001,19155,'목','06,07','S1-1-139(40-139)'),(21002,19156,'목','08,09','S1-2-302(41-302)'),(21003,19156,'금','05,06','S1-2-207(41-207)'),(21004,19156,'금','07','S1-2-302(41-302)'),(21005,19157,'목','08,09','S1-2-207(41-207)'),(21006,19157,'금','05,06,07','S1-2-202(41-202)'),(21007,19158,'화','05,06','S1-1-127(40-127)'),(21008,19158,'화','07','S1-2-201(41-201)'),(21009,19158,'수','05,06','S1-2-201(41-201)'),(21010,19159,'화','05,06','S1-1-139(40-139)'),(21011,19159,'화','07','S1-2-305(41-305)'),(21012,19159,'수','05,06','S1-2-305(41-305)'),(21013,19160,'수','01,02,03','S1-2-202(41-202)'),(21014,19160,'금','06,07','S1-1-139(40-139)'),(21015,19161,'화','05,06','S1-2-207(41-207)'),(21016,19161,'수','05,06,07','S1-3-203(42-203)'),(21017,19162,'월','06,07','S1-1-139(40-139)'),(21018,19162,'수','05,06,07','S1-1-239(40-239)'),(21019,19163,'월','01,02','S1-1-139(40-139)'),(21020,19163,'월','03','S1-1-239(40-239)'),(21021,19163,'목','02,03','S1-1-239(40-239)'),(21022,19164,'월','01','S1-3-202(42-202)'),(21023,19164,'월','02,03','S1-2-207(41-207)'),(21024,19164,'목','02,03','S1-3-202(42-202)'),(21025,19165,'월','05,06','S1-2-207(41-207)'),(21026,19165,'화','01,02,03','S1-3-202(42-202)'),(21027,19166,'화','07,08,09','S1-3-202(42-202)'),(21028,19166,'목','05,06','S1-2-207(41-207)'),(21029,19167,'월','08,09','S1-2-201(41-201)'),(21030,19167,'화','06','S1-2-201(41-201)'),(21031,19167,'화','07,08','S1-1-127(40-127)'),(21032,19168,'수','07,08','S1-1-139(40-139)'),(21033,19168,'목','05,06,07','S1-1-239(40-239)'),(21034,19169,'화','06','S1-2-202(41-202)'),(21035,19169,'화','07,08','S1-1-139(40-139)'),(21036,19169,'목','02,03','S1-2-202(41-202)'),(21037,19170,'수','02,03','S1-2-207(41-207)'),(21038,19170,'목','05,06,07','E8-2-201(45-201)'),(21039,19171,'수','08,09','S1-2-201(41-201)'),(21040,19171,'목','02','S1-2-201(41-201)'),(21041,19171,'목','03,04','S1-1-139(40-139)'),(21042,19172,'수','07','S1-2-201(41-201)'),(21043,19172,'수','08,09','S1-2-207(41-207)'),(21044,19172,'목','08,09','S1-2-201(41-201)'),(21045,19173,'목','01,02','S1-1-139(40-139)'),(21046,19173,'금','05,06,07','S1-1-239(40-239)'),(21047,19174,'월','05,06','S1-1-127(40-127)'),(21048,19174,'화','01,02,03','S1-1-239(40-239)'),(21049,19175,'월','05,06','S1-1-239(40-239)'),(21050,19175,'금','01,02','S1-1-127(40-127)'),(21051,19175,'금','03','S1-1-239(40-239)'),(21052,19176,'목','05,06','S1-2-301(41-301)'),(21053,19176,'금','01','S1-2-301(41-301)'),(21054,19176,'금','02,03','S1-2-207(41-207)'),(21055,19177,'화','02,03','S1-2-207(41-207)'),(21056,19177,'수','01,02,03','S1-2-301(41-301)'),(21057,19178,'수','01,02','S1-2-105(41-105)'),(21058,19178,'목','07,08','S1-3-203(42-203)'),(21059,19179,'수','01,02','S1-3-203(42-203)'),(21060,19179,'목','07,08','S1-2-105(41-105)'),(21061,19180,'목','05,06','S1-2-105(41-105)'),(21062,19180,'목','07,08','S1-2-301(41-301)'),(21063,19181,'화','02,03','S1-3-203(42-203)'),(21064,19181,'화','07,08','S1-2-105(41-105)'),(21065,19182,'월','02,03','S1-6-314(36-314)'),(21066,19182,'목','01,02','S1-6-206(36-206)'),(21067,19183,'월','02,03','S1-6-516(36-516)'),(21068,19183,'목','05,06','S1-6-205(36-205)'),(21069,19184,'월','05,06','S1-6-206(36-206)'),(21070,19184,'수','05,06','S1-6-516(36-516)'),(21071,19185,'월','02,03','S1-6-205(36-205)'),(21072,19185,'월','06,07','S1-6-516(36-516)'),(21073,19186,'월','02,03','S1-2-101(41-101)'),(21074,19186,'화','05,06','S1-2-302(41-302)'),(21075,19187,'수','05,06','S1-6-206(36-206)'),(21076,19187,'수','07,08','S1-6-210(36-210)'),(21077,19188,'월','05,06','S1-4-208(43-208)'),(21078,19188,'월','07,08','S1-2-101(41-101)'),(21079,19189,'월','05,06','S1-2-101(41-101)'),(21080,19189,'월','07,08','S1-2-305(41-305)'),(21081,19190,'화','02,03','S1-6-516(36-516)'),(21082,19190,'목','01,02','S1-2-101(41-101)'),(21083,19191,'월','07,08','S1-6-205(36-205)'),(21084,19191,'수','02,03','S1-6-516(36-516)'),(21085,19192,'수','01,02','S1-2-201(41-201)'),(21086,19192,'수','03,04','S1-2-101(41-101)'),(21087,19193,'수','05,06','S1-2-301(41-301)'),(21088,19193,'목','08,09','S1-6-206(36-206)'),(21089,19194,'월','07,08','S1-2-105(41-105)'),(21090,19194,'목','02,03','S1-3-203(42-203)'),(21091,19195,'화','06,07','S1-6-516(36-516)'),(21092,19195,'수','02,03','S1-6-205(36-205)'),(21093,19196,'월','02,03','S1-6-517(36-517)'),(21094,19196,'화','05,06','S1-6-206(36-206)'),(21095,19197,'화','02,03','S1-2-302(41-302)'),(21096,19197,'수','05,06','S1-6-205(36-205)'),(21097,19198,'화','07,08','S1-2-302(41-302)'),(21098,19198,'목','05,06','S1-2-101(41-101)'),(21099,19199,'목','02,03','S1-6-205(36-205)'),(21100,19199,'목','05,06','S1-4-208(43-208)'),(21101,19200,'월','02,03','S1-2-301(41-301)'),(21102,19200,'목','07,08','S1-6-205(36-205)'),(21103,19201,'화','02,03','N14-105(56-105)'),(21104,19201,'화','07,08','S1-6-206(36-206)'),(21105,19202,'화','02,03','E8-10-103(508-103)'),(21106,19202,'수','06,07','S1-6-517(36-517)'),(21107,19203,'월','05,06','S1-2-305(41-305)'),(21108,19203,'목','07,08','S1-2-101(41-101)'),(21109,19204,'화','05,06','S1-2-101(41-101)'),(21110,19204,'목','06,07','S1-2-302(41-302)'),(21111,19205,'수','07,08','S1-2-302(41-302)'),(21112,19205,'목','05,06','S1-6-206(36-206)'),(21113,19206,'수','07,08','S1-6-205(36-205)'),(21114,19206,'목','05,06','S1-3-203(42-203)'),(21115,19207,'화','02,03','S1-6-206(36-206)'),(21116,19207,'목','02,03','S1-6-210(36-210)'),(21117,19208,'월','02,03','S1-6-206(36-206)'),(21118,19208,'월','08,09','S1-6-518(36-518)'),(21119,19209,'월','08,09','S1-6-206(36-206)'),(21120,19209,'수','02,03','S1-6-519(36-519)'),(21121,19210,'수','02,03,04','S1-2-306(41-306)'),(21122,19210,'금','05,06','S1-2-308(41-308)'),(21123,19211,'화','08,09','S1-2-308(41-308)'),(21124,19211,'수','02,03','S1-4-208(43-208)'),(21125,19212,'화','02,03','S1-4-208(43-208)'),(21126,19212,'수','07,08','S1-2-308(41-308)'),(21127,19213,'화','07,08','S1-2-307(41-307)'),(21128,19213,'수','02,03','S1-6-210(36-210)'),(21129,19214,'월','02,03','S1-2-308(41-308)'),(21130,19214,'수','05,06','S1-2-302(41-302)'),(21131,19215,'수','06,07','S1-2-306(41-306)'),(21132,19215,'금','07,08','S1-2-308(41-308)'),(21133,19216,'수','02,03','S1-4-101(43-101)'),(21134,19216,'목','05,06','S1-2-308(41-308)'),(21135,19217,'수','05,06','S1-4-208(43-208)'),(21136,19217,'목','02,03','S1-2-308(41-308)'),(21137,19218,'월','06,07','S1-2-307(41-307)'),(21138,19218,'목','02,03','S1-2-306(41-306)'),(21139,19219,'화','07,08','S1-5-123(37-123)'),(21140,19219,'수','07,08','S1-2-307(41-307)'),(21141,19220,'월','08,09','S1-2-307(41-307)'),(21142,19220,'화','02,03','N13-304(59-304)'),(21143,19221,'화','02,03','S1-2-307(41-307)'),(21144,19221,'수','07,08','S1-2-305(41-305)'),(21145,19222,'화','05,06','S1-2-306(41-306)'),(21146,19222,'수','02,03','S1-2-307(41-307)'),(21147,19223,'월','02,03','S1-2-307(41-307)'),(21148,19223,'목','06,07','S1-2-306(41-306)'),(21149,19224,'화','05,06','S1-2-308(41-308)'),(21150,19224,'수','02,03','S1-3-202(42-202)'),(21151,19225,'화','02,03','S1-2-308(41-308)'),(21152,19225,'화','07,08','S1-2-306(41-306)'),(21153,19226,'월','05,06','S1-2-302(41-302)'),(21154,19226,'화','05,06','S1-2-307(41-307)'),(21155,19227,'수','02,03','N14-205(56-205)'),(21156,19227,'금','05,06','S1-2-307(41-307)'),(21157,19228,'화','07,08','S1-6-515(36-515)'),(21158,19228,'목','07,08','S1-6-515(36-515)'),(21159,19229,'화','06,07','S1-4-415(43-415)'),(21160,19229,'수','05,06','S1-4-415(43-415)'),(21161,19230,'화','02,03','S1-1-127(40-127)'),(21162,19230,'목','05,06,07','S1-3-202(42-202)'),(21163,19231,'수','08,09','S1-1-127(40-127)'),(21164,19231,'금','05,06,07','S1-3-202(42-202)'),(21165,19232,'수','01,02,03','S20-101'),(21166,19233,'토','08,09,10','S21-4-143(92-143)'),(21167,19234,'월','07,08,09','E1-2-331(81-331)'),(21168,19234,'수','05,06','E1-1-327(82-327)'),(21169,19235,'월','05,06','S1-6-205(36-205)'),(21170,19235,'화','02,03','E1-2-327(81-327)'),(21171,19235,'수','03','E1-2-327(81-327)'),(21172,19236,'화','06','S1-5-123(37-123)'),(21173,19236,'수','05,06','S1-2-308(41-308)'),(21174,19236,'목','07,08','S1-5-123(37-123)'),(21175,19237,'수','01,02,03','S1-5-123(37-123)'),(21176,19238,'월','02,03','S1-5-123(37-123)'),(21177,19238,'월','04','S2-102(32-102)'),(21178,19239,'목','06,07','S1-2-205(41-205)'),(21179,19239,'목','08','S1-2-108(41-108)'),(21180,19240,'목','06,07,08','S1-2-305(41-305)'),(21181,19241,'화','01,02,03','S1-5-123(37-123)'),(21182,19242,'화','10,11,12','E8-1-437(44-437)'),(21183,19243,'목','08,09','E1-2-212(81-212)'),(21184,19244,'목','10,11','E1-2-331(81-331)'),(21185,19245,'수','04,05','N14-206(56-206)'),(21186,19246,'수','06,07','N14-206(56-206)'),(21187,19247,'수','08,09','N14-206(56-206)'),(21188,19248,'화','08,09','E1-2-313(81-313)'),(21189,19249,'화','01,02','E1-2-313(81-313)'),(21190,19250,'화','06,07','E1-2-313(81-313)'),(21191,19251,'월','02,03','N13-403(59-403)'),(21192,19252,'월','04,05','N13-403(59-403)'),(21193,19253,'목','02,03','E1-2-327(81-327)'),(21194,19254,'목','06,07','E1-2-413(81-413)'),(21195,19255,'월','07,08','E1-2-327(81-327)'),(21196,19256,'목','06,07','E1-2-212(81-212)'),(21197,19257,'수','06,07','E1-2-212(81-212)'),(21198,19258,'목','07,08','E1-2-313(81-313)'),(21199,19259,'월','07,08','E1-2-313(81-313)'),(21200,19260,'수','01,02','E1-2-413(81-413)'),(21201,19261,'수','02,03','N13-502(59-502)'),(21202,19262,'화','02,03','N14-102(56-102)'),(21203,19263,'월','07,08','N14-205(56-205)'),(21204,19264,'월','02,03','N14-205(56-205)'),(21205,19265,'월','08,09','N14-206(56-206)'),(21206,19266,'수','02,03','N14-103(56-103)'),(21207,19267,'수','08,09','N14-106(56-106)'),(21208,19268,'목','02,03','N14-205(56-205)'),(21209,19269,'목','05,06','N14-205(56-205)'),(21210,19270,'목','07,08','N14-205(56-205)'),(21211,19271,'금','02,03','E1-2-331(81-331)'),(21212,19272,'수','02,03','E1-2-313(81-313)'),(21213,19273,'수','01,02','E1-2-327(81-327)'),(21214,19274,'월','06,07','N14-201(56-201)'),(21215,19275,'월','08,09','N14-201(56-201)'),(21216,19276,'화','08,09','E1-2-331(81-331)'),(21217,19277,'월','07,08','N16-1-225(58-225)'),(21218,19278,'월','09,10','N16-1-225(58-225)'),(21219,19279,'목','09,10','E1-2-234(81-234)'),(21220,19280,'수','09,10','E1-2-415(81-415)'),(21221,19281,'목','07,08','N16-1-225(58-225)'),(21222,19282,'토','00,01,02,03','가상강의실2'),(21223,19283,'금','02,03','N14-205(56-205)'),(21224,19284,'수','02,03','N14-206(56-206)'),(21225,19285,'목','07,08','E1-2-327(81-327)'),(21226,19286,'월','02,03','N14-103(56-103)'),(21227,19287,'월','05,06','N14-103(56-103)'),(21228,19288,'월','07,08','N14-103(56-103)'),(21229,19289,'화','02,03','E1-1-148'),(21230,19290,'화','04,05','E1-1-148'),(21231,19291,'화','06,07','E1-1-148'),(21232,19292,'화','02,03','N14-206(56-206)'),(21233,19293,'화','05,06','N14-206(56-206)'),(21234,19294,'화','07,08','N14-206(56-206)'),(21235,19295,'수','02,03','N14-201(56-201)'),(21236,19296,'수','05,06','N14-201(56-201)'),(21237,19297,'수','07,08','N14-201(56-201)'),(21238,19298,'월','00','가상강의실2'),(21239,19298,'화','00','가상강의실2'),(21240,19298,'수','00','가상강의실2'),(21241,19298,'목','00','가상강의실2'),(21242,19299,'토','04,05,06,07','가상강의실2'),(21243,19300,'토','04,05,06,07','가상강의실2'),(21244,19301,'토','04,05,06,07','가상강의실2'),(21245,19302,'토','04,05,06,07','가상강의실2'),(21246,19303,'토','04,05,06,07','가상강의실2'),(21247,19304,'토','04,05,06,07','가상강의실2'),(21248,19305,'월','00','가상강의실2'),(21249,19305,'화','00','가상강의실2'),(21250,19305,'수','00','가상강의실2'),(21251,19305,'목','00','가상강의실2'),(21252,19306,'토','04,05,06,07','가상강의실2'),(21253,19307,'토','04,05,06,07','가상강의실2'),(21254,19308,'토','04,05,06,07','가상강의실2'),(21255,19309,'토','04,05,06,07','가상강의실2'),(21256,19310,'토','04,05,06,07','가상강의실2'),(21257,19311,'토','04,05,06,07','가상강의실2'),(21258,19312,'수','02,03','E1-2-212(81-212)'),(21259,19313,'수','04,05','E1-2-212(81-212)'),(21260,19314,'월','02,03,04','N14-104(56-104)'),(21261,19315,'화','02,03,04','N14-208(56-208)'),(21262,19316,'화','05,06,07','N14-208(56-208)'),(21263,19317,'수','01,02,03','N14-208(56-208)'),(21264,19318,'수','07,08,09','N16-1-127(58-127)'),(21265,19319,'화','05,06,07','N14-704(56-704)'),(21266,19320,'월','07,08,09','N14-207(56-207)'),(21267,19321,'수','05,06,07','N14-208(56-208)'),(21268,19322,'금','04,05,06','N13-103(59-103)'),(21269,19323,'수','07,08,09','N13-403(59-403)'),(21270,19324,'화','05,06,07','N13-303(59-303)'),(21271,19325,'금','05,06,07','N13-303(59-303)'),(21272,19326,'화','07,08,09','N16-1-225(58-225)'),(21273,19327,'목','07,08,09','N13-103(59-103)'),(21274,19328,'금','05,06,07','N13-404(59-404)'),(21275,19329,'목','05,06,07','N13-303(59-303)'),(21276,19330,'목','07,08,09','N13-404(59-404)'),(21277,19331,'화','06,07,08','S1-4-208(43-208)'),(21278,19332,'목','05,06,07','N13-502(59-502)'),(21279,19333,'월','05,06,07','N13-103(59-103)'),(21280,19334,'목','07,08,09','N14-102(56-102)'),(21281,19335,'화','04,05,06','S21-4-146(92-146)'),(21282,19336,'수','02,03,04','S21-4-146(92-146)'),(21283,19337,'화','07,08,09','S21-4-146(92-146)'),(21284,19338,'목','02,03,04','S21-4-146(92-146)'),(21285,19339,'화','01,02,03','S1-4-111(43-111)'),(21286,19340,'수','06,07,08','S1-6-107(36-107)'),(21287,19341,'목','05,06,07','E8-2-101(45-101)'),(21288,19342,'화','05,06,07','E8-2-101(45-101)'),(21289,19343,'목','02,03,04','N14-104(56-104)'),(21290,19344,'목','05,06,07','S21-4-246(92-246)'),(21291,19345,'월','02,03,06','E8-7-335(50-335)'),(21292,19346,'목','01,02,03','E8-10-103(508-103)'),(21293,19347,'목','07,08,09','E8-10-103(508-103)'),(21294,19348,'금','01,02,03','S20-101'),(21295,19349,'월','06,07,08','S21-4-146(92-146)'),(21296,19350,'수','05,06,07','N14-108(56-108)'),(21297,19351,'목','06,07,08','N14-108(56-108)'),(21298,19352,'금','02,03,04','N14-704(56-704)'),(21299,19353,'월','07,08,09','N14-106(56-106)'),(21300,19354,'월','07,08,09','N16-1-127(58-127)'),(21301,19355,'목','01,02,03','N14-703(56-703)'),(21302,19356,'화','01,02,03','N18-112(64-112)'),(21303,19357,'화','07,08,09','S1-1-239(40-239)'),(21304,19358,'수','07,08,09','E8-10-104(508-104)'),(21305,19359,'화','07,08,09','E8-8-305(51-305)'),(21306,19360,'수','06,07,08','N18-112(64-112)'),(21307,19361,'금','07,08,09','가상강의실1'),(21308,19362,'화','02,03,04','N14-104(56-104)'),(21309,19363,'목','06,07,08','N20-1-115(62-115)'),(21310,19364,'화','02,03,04','N14-108(56-108)'),(21311,19365,'수','02,03,04','N14-108(56-108)'),(21312,19366,'화','06,07,08','N14-108(56-108)'),(21313,19367,'월','01,02','가상강의실2'),(21314,19368,'목','08','N14-109(56-109/1)'),(21315,19369,'월','10,11','N14-109(56-109/1)'),(21316,19371,'월','08,09,10','N15-171(57-171)'),(21317,19376,'목','00,01,02','학군'),(21318,19376,'금','00,01,02','학군'),(21319,19377,'목','00,01,02','학군2'),(21320,19377,'금','00,01,02','학군2'),(21321,19378,'토','05','E3-214(38-214)'),(21322,19390,'화','05,06,07,08,09,10','가상강의실1'),(21323,19393,'수','01,02,03','N14-109(56-109/1)'),(21324,19394,'토','00','가상강의실1'),(21325,19395,'토','00','가상강의실1'),(21326,19396,'토','00','가상강의실1'),(21327,19397,'토','00','가상강의실1'),(21328,19398,'토','00','가상강의실1'),(21329,19399,'토','00','가상강의실1'),(21330,19400,'토','00','가상강의실1'),(21331,19401,'토','00','가상강의실1'),(21332,19402,'토','00','가상강의실1'),(21333,19403,'토','00','가상강의실1'),(21334,19404,'토','00','가상강의실1'),(21335,19405,'토','00','가상강의실1'),(21336,19406,'화','03','가상강의실1'),(21337,19407,'토','00','가상강의실1'),(21338,19408,'토','00','가상강의실1'),(21339,19409,'토','00','가상강의실1'),(21340,19410,'토','00','가상강의실1'),(21341,19411,'토','00','가상강의실1'),(21342,19412,'토','00','가상강의실1'),(21343,19413,'토','00','가상강의실1'),(21344,19414,'토','00','가상강의실1'),(21345,19415,'목','08','N14-109(56-109/1)'),(21346,19416,'목','06,07,08','N14-109(56-109/1)'),(21347,19425,'월','06,07,08','N15-307(57-307)'),(21348,19426,'토','01,02,03,04,05,06,07,08,09,10,11,12','가상강의실1'),(21349,19427,'토','05','E3-214(38-214)'),(21350,19428,'토','00','가상강의실1'),(21351,19429,'토','00','가상강의실1'),(21352,19430,'토','00','가상강의실1'),(21353,19431,'토','00','가상강의실1'),(21354,19432,'토','00','가상강의실1'),(21355,19433,'토','00','가상강의실1'),(21356,19434,'토','00','가상강의실1'),(21357,19435,'토','00','가상강의실1'),(21358,19436,'토','00','가상강의실1'),(21359,19437,'토','00','가상강의실1'),(21360,19438,'토','00','가상강의실1'),(21361,19439,'토','00','가상강의실1'),(21362,19440,'목','00','가상강의실1'),(21363,19441,'토','00','가상강의실1'),(21364,19442,'토','05','E3-214(38-214)'),(21365,19443,'토','00','가상강의실1'),(21366,19444,'토','00','가상강의실1'),(21367,19445,'토','00','가상강의실1'),(21368,19446,'토','00','가상강의실1'),(21369,19447,'토','00','가상강의실1'),(21370,19448,'토','05','E3-214(38-214)'),(21371,19449,'토','00','인턴십용가상강의실01'),(21372,19450,'토','05','E3-214(38-214)'),(21373,19451,'토','05','E3-214(38-214)'),(21374,19452,'월','01,02,03','N14-702(56-702)'),(21375,19453,'월','06,07,08','N14-203(56-203)'),(21376,19454,'화','04,05,06','N14-205(56-205)'),(21377,19455,'수','01,02,03','N14-106(56-106)'),(21378,19456,'월','07,08,09','N14-204(56-204)'),(21379,19457,'금','04,05,06','N14-201(56-201)'),(21380,19458,'목','07,08,09','N14-103(56-103)'),(21381,19459,'수','03,04,05','N14-109(56-109)'),(21382,19460,'수','06,07,08','N14-207(56-207)'),(21383,19461,'월','06,07,08','N13-303(59-303)'),(21384,19462,'월','07,08,09','N13-404(59-404)'),(21385,19463,'목','04,05,06','N14-106(56-106)'),(21386,19464,'목','07,08,09','N14-201(56-201)'),(21387,19465,'목','04,05,06','N14-107(56-107)'),(21388,19466,'목','07,08,09','N14-701(56-701)'),(21389,19467,'화','07,08,09','N13-304(59-304)'),(21390,19468,'수','03,04,05','N14-207(56-207)'),(21391,19469,'목','04,05,06','N14-703(56-703)'),(21392,19470,'월','04,05,06','N14-106(56-106)'),(21393,19471,'목','07,08,09','N14-703(56-703)'),(21394,19472,'월','04,05,06','N14-107(56-107)'),(21395,19473,'월','04,05,06','N14-202(56-202)'),(21396,19474,'화','01,02,03','N14-701(56-701)'),(21397,19475,'수','02,03,04','N15-242(57-242)'),(21398,19476,'월','06,07,08','N15-245(57-245)'),(21399,19477,'화','01,02,03','N16-1-226(58-226)'),(21400,19478,'수','04,05,06','N14-107(56-107)'),(21401,19479,'화','07,08,09','N15-171(57-171)'),(21402,19480,'수','04,05,06','N13-104(59-104)'),(21403,19481,'목','01,02,03','N16-1-226(58-226)'),(21404,19482,'수','05,06,07','N14-105(56-105)'),(21405,19483,'목','07,08,09','N13-104(59-104)'),(21406,19484,'화','07,08,09','N18-110'),(21407,19485,'수','07,08,09','N13-304(59-304)'),(21408,19486,'화','07,08,09','E8-2-201(45-201)'),(21409,19487,'수','07,08,09','N16-1-226(58-226)'),(21410,19488,'월','02,03,04','N14-208(56-208)'),(21411,19489,'수','07,08,09','N13-401(59-401)'),(21412,19490,'화','07,08,09','N18-112(64-112)'),(21413,19491,'금','01,02,03','N13-103(59-103)'),(21414,19492,'금','07,08,09','N14-106(56-106)'),(21415,19493,'금','05,06,07','N14-109(56-109)'),(21416,19494,'금','05,06,07','N14-202(56-202)'),(21417,19495,'화','02,03,04','S21-4-246(92-246)'),(21418,19496,'화','01,02,03','N13-104(59-104)'),(21419,19497,'월','05,06,07','N14-206(56-206)'),(21420,19498,'목','06,07,08','N14-702(56-702)'),(21421,19499,'수','01,02,03','N14-107(56-107)'),(21422,19500,'금','06,07,08','N14-108(56-108)'),(21423,19501,'화','07,08,09','N14-107(56-107)'),(21424,19502,'화','06,07,08','N14-201(56-201)'),(21425,19503,'목','01,02,03','N14-109(56-109)'),(21426,19504,'목','01,02,03','N14-108(56-108)'),(21427,19505,'금','01,02,03','N14-703(56-703)'),(21428,19506,'화','01,02,03','N14-109(56-109)'),(21429,19507,'화','07,08,09','N14-109(56-109)'),(21430,19508,'월','06,07,08','N14-701(56-701)'),(21431,19509,'월','01,02,03','N14-701(56-701)'),(21432,19510,'수','01,02,03','N14-701(56-701)'),(21433,19511,'수','07,08,09','N14-701(56-701)'),(21434,19512,'화','01,02,03','N14-205(56-205)'),(21435,19513,'수','05,06,07','N14-106(56-106)'),(21436,19514,'수','05,06,07','N14-702(56-702)'),(21437,19515,'수','06,07','S4-1-102(21-102)'),(21438,19515,'금','06,07','E9-241(학연241)'),(21439,19516,'수','06,07,08,09','S4-1-206(21-206)'),(21440,19517,'화','05,06','S2-102(32-102)'),(21441,19517,'목','08,09','S2-102(32-102)'),(21442,19518,'목','06,07,08,09','S2-101(32-101)'),(21443,19519,'월','06,07','E8-1-442(44-442)'),(21444,19519,'월','08,09','E9-271(학연271)'),(21445,19520,'화','07,08','S2-102(32-102)'),(21446,19520,'목','06,07','S2-102(32-102)'),(21447,19521,'월','06,07,08,09','S2-102(32-102)'),(21448,19522,'화','06,07,08,09','E9-308(학연308)'),(21449,19523,'목','01,02,03,04','E9-271(학연271)'),(21450,19524,'수','05,06','E8-10-104(508-104)'),(21451,19524,'금','05,06','E9-271(학연271)'),(21452,19525,'화','06,07,08,09','E9-241(학연241)'),(21453,19526,'화','06,07,08,09','E8-8-206(51-206)'),(21454,19527,'월','02,03','E8-7-440(50-440)'),(21455,19527,'수','01,02','S2-102(32-102)'),(21456,19528,'월','02,03','E8-10-104(508-104)'),(21457,19528,'수','06,07','E9-241(학연241)'),(21458,19529,'월','05,06','E9-271(학연271)'),(21459,19529,'수','05,06','E8-7-235(50-235)'),(21460,19530,'화','05,06,07,08','E9-271(학연271)'),(21461,19531,'화','01,02','E9-241(학연241)'),(21462,19531,'목','02,03','E9-241(학연241)'),(21463,19532,'월','01,02,03,04','E9-241(학연241)'),(21464,19533,'월','06,07,08,09','E9-308(학연308)'),(21465,19534,'월','06,07,08,09','S2-101(32-101)'),(21466,19535,'화','06,07,08,09','S2-101(32-101)'),(21467,19536,'수','06,07,08,09','E8-7-404(50-404)'),(21468,19537,'월','08,09','E9-241(학연241)'),(21469,19537,'수','08,09','E9-241(학연241)'),(21470,19538,'월','08,09','E8-7-309(50-309)'),(21471,19538,'수','08,09','E9-271(학연271)'),(21472,19539,'금','01,02,03,04','E9-241(학연241)'),(21473,19540,'수','08,09','E8-7-440(50-440)'),(21474,19540,'목','08,09','E9-241(학연241)'),(21475,19541,'수','05,06,07,08','E9-308(학연308)'),(21476,19542,'수','01,02,03,04','E9-271(학연271)'),(21477,19543,'월','05,06','E8-7-235(50-235)'),(21478,19543,'목','05,06','E9-271(학연271)'),(21479,19544,'목','08,09,10','S1-4-111(43-111)'),(21480,19545,'수','05,06,07,08','E8-1-437(44-437)'),(21481,19546,'월','11,12,13','E8-1-316(44-316)'),(21482,19547,'목','02,03,04','E8-1-316(44-316)'),(21483,19548,'화','06,07,08,09','E8-1-437(44-437)'),(21484,19549,'월','02,03,04','E8-1-442(44-442)'),(21485,19550,'수','11,12,13','E8-1-437(44-437)'),(21486,19551,'토','04,05,06','E8-1-442(44-442)'),(21487,19552,'월','08,09','E9-671(학연671)'),(21488,19552,'수','07,08','E9-671(학연671)'),(21489,19553,'금','06,07,08,09','E8-1-437(44-437)'),(21490,19554,'토','07,08,09','E8-1-437(44-437)'),(21491,19555,'월','11,12,13','E8-1-437(44-437)'),(21492,19556,'목','05,06,07','E8-1-437(44-437)'),(21493,19557,'수','02,03,04','E8-1-316(44-316)'),(21494,19558,'금','02,03,04','E8-1-442(44-442)'),(21495,19559,'월','11,12,13','E8-1-442(44-442)'),(21496,19560,'토','07,08,09','E8-1-316(44-316)'),(21497,19561,'화','11,12,13','E8-1-442(44-442)'),(21498,19562,'토','04,05,06','E8-1-437(44-437)'),(21499,19563,'화','07,08,09','E8-1-442(44-442)'),(21500,19564,'수','06,07,08,09','E8-1-427(44-427)'),(21501,19565,'목','11,12,13','E8-1-442(44-442)'),(21502,19566,'수','06,07,08','E8-1-442(44-442)'),(21503,19567,'토','07,08,09','E8-1-442(44-442)'),(21504,19568,'월','07,08,09,10','E8-1-316(44-316)'),(21505,19569,'목','02,03,04','E8-1-437(44-437)'),(21506,19570,'화','02,03','E8-1-316(44-316)'),(21507,19571,'금','11,12,13','E8-1-442(44-442)'),(21508,19572,'토','04,05,06','E8-1-316(44-316)'),(21509,19573,'토','01,02,03','E8-1-316(44-316)'),(21510,19574,'수','11,12,13','E8-1-442(44-442)'),(21511,19575,'월','04,05,06','E8-1-432(44-432)'),(21512,19576,'금','06,07,08','E8-1-442(44-442)'),(21513,19577,'월','04,05','E8-1-316(44-316)'),(21514,19578,'목','06,07','E8-1-316(44-316)'),(21515,19579,'금','09,10','E8-1-442(44-442)'),(21516,19580,'목','08,09','E9-105E(학연산105E)'),(21517,19581,'월','03,04','N13-103(59-103)'),(21518,19581,'수','03,04','N13-103(59-103)'),(21519,19582,'화','03,04','N13-103(59-103)'),(21520,19582,'목','03,04','N13-103(59-103)'),(21521,19583,'월','08,09','S1-4-208(43-208)'),(21522,19583,'수','08,09','S1-4-208(43-208)'),(21523,19584,'화','08,09','N13-303(59-303)'),(21524,19584,'목','08,09','N13-303(59-303)'),(21525,19585,'수','01,02','N14-702(56-702)'),(21526,19585,'금','01,02','N14-702(56-702)'),(21527,19586,'월','03,04','N13-303(59-303)'),(21528,19586,'수','03,04','N13-303(59-303)'),(21529,19587,'화','03,04','N15-242(57-242)'),(21530,19587,'목','03,04','N15-242(57-242)'),(21531,19588,'월','08,09','N13-103(59-103)'),(21532,19588,'수','08,09','N13-103(59-103)'),(21533,19589,'화','08,09','N14-704(56-704)'),(21534,19589,'목','08,09','N14-207(56-207)'),(21535,19590,'수','01,02','N14-109(56-109)'),(21536,19590,'금','01,02','N14-109(56-109)'),(21537,19591,'화','01,02','N14-207(56-207)'),(21538,19591,'목','01,02','N14-207(56-207)'),(21539,19592,'월','05,06','N14-109(56-109)'),(21540,19592,'화','05,06','N14-109(56-109)'),(21541,19593,'수','05,06','N13-303(59-303)'),(21542,19593,'금','03,04','N13-303(59-303)'),(21543,19594,'월','03,04','N13-404(59-404)'),(21544,19594,'수','03,04','N13-404(59-404)'),(21545,19595,'화','03,04','N13-404(59-404)'),(21546,19595,'목','03,04','N13-404(59-404)'),(21547,19596,'월','08,09','S1-2-301(41-301)'),(21548,19596,'수','08,09','S1-2-301(41-301)'),(21549,19597,'화','08,09','N15-242(57-242)'),(21550,19597,'목','08,09','N15-242(57-242)'),(21551,19598,'수','01,02','N14-207(56-207)'),(21552,19598,'금','01,02','N14-207(56-207)'),(21553,19599,'화','01,02','N13-401(59-401)'),(21554,19599,'목','01,02','N13-401(59-401)'),(21555,19600,'월','05,06','N13-304(59-304)'),(21556,19600,'화','05,06','N13-304(59-304)'),(21557,19601,'월','01,02','N13-104(59-104)'),(21558,19601,'수','01,02','N13-104(59-104)'),(21559,19602,'월','08,09','S1-2-306(41-306)'),(21560,19602,'수','08,09','S1-2-306(41-306)'),(21561,19603,'화','03,04','N13-403(59-403)'),(21562,19603,'목','08,09','N13-403(59-403)'),(21563,19604,'화','01,02','N13-403(59-403)'),(21564,19604,'목','01,02','N13-403(59-403)'),(21565,19605,'수','03,04','N14-702(56-702)'),(21566,19605,'금','03,04','N14-702(56-702)'),(21567,19606,'월','01,02','N16-1-226(58-226)'),(21568,19606,'수','01,02','N16-1-226(58-226)'),(21569,19607,'월','08,09','S1-3-202(42-202)'),(21570,19607,'수','08,09','S1-3-202(42-202)'),(21571,19608,'화','03,04','N14-207(56-207)'),(21572,19608,'목','08,09','N14-204(56-204)'),(21573,19609,'화','01,02','N15-245(57-245)'),(21574,19609,'목','01,02','N15-245(57-245)'),(21575,19610,'수','03,04','N13-401(59-401)'),(21576,19610,'금','03,04','N13-401(59-401)'),(21577,19611,'월','03,04','N13-401(59-401)'),(21578,19611,'목','03,04','N13-401(59-401)'),(21579,19612,'화','05,06','N14-102(56-102)'),(21580,19612,'수','05,06','N14-102(56-102)'),(21581,19613,'화','08,09','N15-245(57-245)'),(21582,19613,'목','06,07','N15-242(57-242)'),(21583,19614,'월','01,02','N14-207(56-207)'),(21584,19614,'수','01,02','N14-704(56-704)'),(21585,19615,'월','08,09','S1-5-123(37-123)'),(21586,19615,'수','08,09','S1-5-123(37-123)'),(21587,19616,'화','03,04','N13-401(59-401)'),(21588,19616,'목','08,09','N13-502(59-502)'),(21589,19617,'화','01,02','N13-404(59-404)'),(21590,19617,'목','01,02','N13-404(59-404)'),(21591,19618,'수','03,04','N13-304(59-304)'),(21592,19618,'금','03,04','N13-304(59-304)'),(21593,19619,'월','03,04','N13-502(59-502)'),(21594,19619,'목','03,04','N13-502(59-502)'),(21595,19620,'화','05,06','N13-103(59-103)'),(21596,19620,'수','05,06','N13-103(59-103)'),(21597,19621,'월','06,07,08','N14-105(56-105)'),(21598,19622,'목','01,02,03','E8-10-104(508-104)'),(21599,19623,'수','05,06','가상강의실2'),(21600,19624,'화','02,03,04','N14-103(56-103)'),(21601,19625,'화','10,11','가상강의실2'),(21602,19626,'수','10,11','가상강의실2'),(21603,19627,'월','03,04','N14-102(56-102)'),(21604,19628,'월','05,06','N14-102(56-102)'),(21605,19629,'목','02,03','N14-102(56-102)'),(21606,19630,'목','05,06','N14-102(56-102)'),(21607,19631,'목','05,06,07','N14-408(56-408)'),(21608,19632,'금','07,08,09','N14-104(56-104)'),(21609,19633,'수','05,06,07','N14-202(56-202)'),(21610,19634,'금','05,06,07','N14-704(56-704)'),(21611,19635,'화','00','가상강의실2'),(21612,19636,'화','06,07,08','E8-7-333(50-333)');
/*!40000 ALTER TABLE `course_schedule` ENABLE KEYS */;
UNLOCK TABLES;

--
-- Table structure for table `department`
--

DROP TABLE IF EXISTS `department`;
/*!40101 SET @saved_cs_client     = @@character_set_client */;
/*!50503 SET character_set_client = utf8mb4 */;
CREATE TABLE `department` (
  `dept_id` int NOT NULL AUTO_INCREMENT,
  `dept_name` varchar(255) CHARACTER SET utf8mb4 COLLATE utf8mb4_unicode_ci NOT NULL,
  PRIMARY KEY (`dept_id`)
) ENGINE=InnoDB AUTO_INCREMENT=16 DEFAULT CHARSET=utf8mb4 COLLATE=utf8mb4_unicode_ci;
/*!40101 SET character_set_client = @saved_cs_client */;

--
-- Dumping data for table `department`
--

LOCK TABLES `department` WRITE;
/*!40000 ALTER TABLE `department` DISABLE KEYS */;
INSERT INTO `department` VALUES (1,'교양'),(2,'소프트웨어학부'),(4,'SW융합부전공'),(5,'미래자동차공학과'),(6,'반도체공학부'),(7,'전기공학부'),(8,'전기통신공학부'),(9,'전자공학과'),(10,'전자공학부'),(11,'지능로봇공학과'),(12,'컴퓨터공학과'),(13,'교직'),(14,'일선'),(15,'소프트웨어학과');
/*!40000 ALTER TABLE `department` ENABLE KEYS */;
UNLOCK TABLES;

--
-- Table structure for table `django_admin_log`
--

DROP TABLE IF EXISTS `django_admin_log`;
/*!40101 SET @saved_cs_client     = @@character_set_client */;
/*!50503 SET character_set_client = utf8mb4 */;
CREATE TABLE `django_admin_log` (
  `id` int NOT NULL AUTO_INCREMENT,
  `action_time` datetime(6) NOT NULL,
  `object_id` longtext CHARACTER SET utf8mb4 COLLATE utf8mb4_unicode_ci,
  `object_repr` varchar(200) CHARACTER SET utf8mb4 COLLATE utf8mb4_unicode_ci NOT NULL,
  `action_flag` smallint unsigned NOT NULL,
  `change_message` longtext CHARACTER SET utf8mb4 COLLATE utf8mb4_unicode_ci NOT NULL,
  `content_type_id` int DEFAULT NULL,
  `user_id` int NOT NULL,
  PRIMARY KEY (`id`),
  KEY `django_admin_log_content_type_id_c4bce8eb_fk_django_co` (`content_type_id`),
  KEY `django_admin_log_user_id_c564eba6_fk_auth_user_id` (`user_id`),
  CONSTRAINT `django_admin_log_content_type_id_c4bce8eb_fk_django_co` FOREIGN KEY (`content_type_id`) REFERENCES `django_content_type` (`id`),
  CONSTRAINT `django_admin_log_user_id_c564eba6_fk_auth_user_id` FOREIGN KEY (`user_id`) REFERENCES `auth_user` (`id`),
  CONSTRAINT `django_admin_log_chk_1` CHECK ((`action_flag` >= 0))
) ENGINE=InnoDB DEFAULT CHARSET=utf8mb4 COLLATE=utf8mb4_unicode_ci;
/*!40101 SET character_set_client = @saved_cs_client */;

--
-- Dumping data for table `django_admin_log`
--

LOCK TABLES `django_admin_log` WRITE;
/*!40000 ALTER TABLE `django_admin_log` DISABLE KEYS */;
/*!40000 ALTER TABLE `django_admin_log` ENABLE KEYS */;
UNLOCK TABLES;

--
-- Table structure for table `django_content_type`
--

DROP TABLE IF EXISTS `django_content_type`;
/*!40101 SET @saved_cs_client     = @@character_set_client */;
/*!50503 SET character_set_client = utf8mb4 */;
CREATE TABLE `django_content_type` (
  `id` int NOT NULL AUTO_INCREMENT,
  `app_label` varchar(100) CHARACTER SET utf8mb4 COLLATE utf8mb4_unicode_ci NOT NULL,
  `model` varchar(100) CHARACTER SET utf8mb4 COLLATE utf8mb4_unicode_ci NOT NULL,
  PRIMARY KEY (`id`),
  UNIQUE KEY `django_content_type_app_label_model_76bd3d3b_uniq` (`app_label`,`model`)
) ENGINE=InnoDB AUTO_INCREMENT=50 DEFAULT CHARSET=utf8mb4 COLLATE=utf8mb4_unicode_ci;
/*!40101 SET character_set_client = @saved_cs_client */;

--
-- Dumping data for table `django_content_type`
--

LOCK TABLES `django_content_type` WRITE;
/*!40000 ALTER TABLE `django_content_type` DISABLE KEYS */;
INSERT INTO `django_content_type` VALUES (12,'admin','logentry'),(14,'auth','group'),(13,'auth','permission'),(15,'auth','user'),(16,'contenttypes','contenttype'),(18,'data_manager','category'),(19,'data_manager','course'),(20,'data_manager','courseoffering'),(21,'data_manager','courseschedule'),(22,'data_manager','department'),(23,'data_manager','graduationrequirement'),(24,'data_manager','semester'),(25,'data_manager','student'),(26,'data_manager','timetable'),(27,'data_manager','timetabledetail'),(28,'data_manager','transcript'),(29,'home','authgroup'),(30,'home','authgrouppermissions'),(31,'home','authpermission'),(32,'home','authuser'),(33,'home','authusergroups'),(34,'home','authuseruserpermissions'),(35,'home','category'),(36,'home','course'),(37,'home','courseschedule'),(38,'home','department'),(39,'home','djangoadminlog'),(40,'home','djangocontenttype'),(41,'home','djangomigrations'),(42,'home','djangosession'),(49,'home','graduationrecord'),(43,'home','graduationrequirement'),(44,'home','semester'),(45,'home','student'),(46,'home','timetable'),(47,'home','timetabledetail'),(48,'home','transcript'),(1,'mainapp','category'),(2,'mainapp','course'),(3,'mainapp','courseoffering'),(4,'mainapp','courseschedule'),(5,'mainapp','department'),(6,'mainapp','graduationrequirement'),(7,'mainapp','semester'),(8,'mainapp','student'),(9,'mainapp','timetable'),(10,'mainapp','timetabledetail'),(11,'mainapp','transcript'),(17,'sessions','session');
/*!40000 ALTER TABLE `django_content_type` ENABLE KEYS */;
UNLOCK TABLES;

--
-- Table structure for table `django_migrations`
--

DROP TABLE IF EXISTS `django_migrations`;
/*!40101 SET @saved_cs_client     = @@character_set_client */;
/*!50503 SET character_set_client = utf8mb4 */;
CREATE TABLE `django_migrations` (
  `id` bigint NOT NULL AUTO_INCREMENT,
  `app` varchar(255) CHARACTER SET utf8mb4 COLLATE utf8mb4_unicode_ci NOT NULL,
  `name` varchar(255) CHARACTER SET utf8mb4 COLLATE utf8mb4_unicode_ci NOT NULL,
  `applied` datetime(6) NOT NULL,
  PRIMARY KEY (`id`)
) ENGINE=InnoDB AUTO_INCREMENT=23 DEFAULT CHARSET=utf8mb4 COLLATE=utf8mb4_unicode_ci;
/*!40101 SET character_set_client = @saved_cs_client */;

--
-- Dumping data for table `django_migrations`
--

LOCK TABLES `django_migrations` WRITE;
/*!40000 ALTER TABLE `django_migrations` DISABLE KEYS */;
INSERT INTO `django_migrations` VALUES (1,'contenttypes','0001_initial','2025-02-25 16:57:26.146044'),(2,'auth','0001_initial','2025-02-25 16:57:26.403963'),(3,'admin','0001_initial','2025-02-25 16:57:26.465668'),(4,'admin','0002_logentry_remove_auto_add','2025-02-25 16:57:26.469275'),(5,'admin','0003_logentry_add_action_flag_choices','2025-02-25 16:57:26.472438'),(6,'contenttypes','0002_remove_content_type_name','2025-02-25 16:57:26.521587'),(7,'auth','0002_alter_permission_name_max_length','2025-02-25 16:57:26.550457'),(8,'auth','0003_alter_user_email_max_length','2025-02-25 16:57:26.560452'),(9,'auth','0004_alter_user_username_opts','2025-02-25 16:57:26.563960'),(10,'auth','0005_alter_user_last_login_null','2025-02-25 16:57:26.587786'),(11,'auth','0006_require_contenttypes_0002','2025-02-25 16:57:26.588905'),(12,'auth','0007_alter_validators_add_error_messages','2025-02-25 16:57:26.592238'),(13,'auth','0008_alter_user_username_max_length','2025-02-25 16:57:26.633902'),(14,'auth','0009_alter_user_last_name_max_length','2025-02-25 16:57:26.663733'),(15,'auth','0010_alter_group_name_max_length','2025-02-25 16:57:26.672237'),(16,'auth','0011_update_proxy_permissions','2025-02-25 16:57:26.675935'),(17,'auth','0012_alter_user_first_name_max_length','2025-02-25 16:57:26.705706'),(18,'mainapp','0001_initial','2025-02-25 16:57:26.710497'),(19,'sessions','0001_initial','2025-02-25 16:57:26.726284'),(20,'data_manager','0001_initial','2025-02-25 18:16:25.195364'),(21,'mainapp','0002_delete_category_delete_course_delete_courseoffering_and_more','2025-02-25 18:16:25.198509'),(22,'home','0001_initial','2025-03-01 09:47:24.058934');
/*!40000 ALTER TABLE `django_migrations` ENABLE KEYS */;
UNLOCK TABLES;

--
-- Table structure for table `django_session`
--

DROP TABLE IF EXISTS `django_session`;
/*!40101 SET @saved_cs_client     = @@character_set_client */;
/*!50503 SET character_set_client = utf8mb4 */;
CREATE TABLE `django_session` (
  `session_key` varchar(40) CHARACTER SET utf8mb4 COLLATE utf8mb4_unicode_ci NOT NULL,
  `session_data` longtext CHARACTER SET utf8mb4 COLLATE utf8mb4_unicode_ci NOT NULL,
  `expire_date` datetime(6) NOT NULL,
  PRIMARY KEY (`session_key`),
  KEY `django_session_expire_date_a5c62663` (`expire_date`)
) ENGINE=InnoDB DEFAULT CHARSET=utf8mb4 COLLATE=utf8mb4_unicode_ci;
/*!40101 SET character_set_client = @saved_cs_client */;

--
-- Dumping data for table `django_session`
--

LOCK TABLES `django_session` WRITE;
/*!40000 ALTER TABLE `django_session` DISABLE KEYS */;
INSERT INTO `django_session` VALUES ('8r7xorzk2qai76etiqs5hkltz7on8v4z','.eJxVjMsOwiAQRf-FtSGF4VFcuvcbyMAMUjU0Ke3K-O_apAvd3nPOfYmI21rj1nmJE4mzUOL0uyXMD247oDu22yzz3NZlSnJX5EG7vM7Ez8vh_h1U7PVbM5XCxQCwYfReYclsBxic9haZwaqAhKPV4FLSaYTsMThSEIo1VIx4fwAOlDiW:1tmyHW:OXHmgscfe4FFnCx967zSC6HBAwqqlQhzaDvQQL8dwu8','2025-03-11 16:59:42.198566');
/*!40000 ALTER TABLE `django_session` ENABLE KEYS */;
UNLOCK TABLES;

--
-- Table structure for table `graduation_record`
--

DROP TABLE IF EXISTS `graduation_record`;
/*!40101 SET @saved_cs_client     = @@character_set_client */;
/*!50503 SET character_set_client = utf8mb4 */;
CREATE TABLE `graduation_record` (
  `id` bigint unsigned NOT NULL AUTO_INCREMENT,
  `user_id` int NOT NULL,
  `total_credits` int NOT NULL,
  `major_credits` int NOT NULL,
  `general_credits` int NOT NULL,
  `free_credits` int NOT NULL,
  `created_at` timestamp NOT NULL DEFAULT CURRENT_TIMESTAMP,
  `updated_at` timestamp NOT NULL DEFAULT CURRENT_TIMESTAMP,
  `missing_major_subjects` text COLLATE utf8mb4_unicode_ci,
  `user_student_id` varchar(50) COLLATE utf8mb4_unicode_ci DEFAULT NULL,
  `user_name` varchar(255) COLLATE utf8mb4_unicode_ci DEFAULT NULL,
  `user_major` varchar(255) COLLATE utf8mb4_unicode_ci DEFAULT NULL,
  `user_year` varchar(10) COLLATE utf8mb4_unicode_ci DEFAULT NULL,
  `total_requirement` int DEFAULT NULL,
  `major_requirement` int DEFAULT NULL,
  `general_requirement` int DEFAULT NULL,
  `free_requirement` int DEFAULT NULL,
  `completed_courses` text COLLATE utf8mb4_unicode_ci,
  PRIMARY KEY (`id`),
  UNIQUE KEY `id` (`id`)
) ENGINE=InnoDB AUTO_INCREMENT=7 DEFAULT CHARSET=utf8mb4 COLLATE=utf8mb4_unicode_ci;
/*!40101 SET character_set_client = @saved_cs_client */;

--
-- Dumping data for table `graduation_record`
--

LOCK TABLES `graduation_record` WRITE;
/*!40000 ALTER TABLE `graduation_record` DISABLE KEYS */;
INSERT INTO `graduation_record` VALUES (6,1,97,44,39,14,'2025-03-25 22:04:52','2025-04-13 03:43:11','[{\"type\": \"\\uad50\\uc591\\uc878\\uc5c5\\uae30\\uc900\\ud559\\uc810\\ubbf8\\uc774\\uc218\", \"description\": \"\\uad50\\uc591\\ucd5c\\uc18c\\uc778\\uc815\\ud559\\uc810 \\ubbf8\\uc774\\uc218(\\ud3b8\\uc785\\uc0dd)\"}, {\"type\": \"\\uc804\\uacf5\\ud544\\uc218\\uad50\\uacfc\\ubaa9\\ubbf8\\uc774\\uc218\", \"description\": \"\\uc804\\uacf5\\ud544\\uc218 7\\uacfc\\ubaa9 \\ubbf8\\uc774\\uc218 \\ucef4\\ud4e8\\ud130\\uc2dc\\uc2a4\\ud15c\\uac1c\\ub860(5118003),\\uc774\\uc0b0\\uc218\\ud559(5118001),\\uc54c\\uace0\\ub9ac\\uc998(5118013),\\uc778\\uacf5\\uc9c0\\ub2a5(5119004),\\uc0b0\\ud559\\ud504\\ub85c\\uc81d\\ud2b8(\\uc885\\ud569\\uc124\\uacc4)(5118024),\\ucea1\\uc2a4\\ud1a4\\ub514\\uc790\\uc778(5118030),\\uc624\\ud508\\uc18c\\uc2a4\\uc18c\\ud504\\ud2b8\\uc6e8\\uc5b4\\uc774\\ud574\\uc640\\uc2e4\\uc2b5(5118004)\"}, {\"type\": \"\\uc804\\uacf5\\uae30\\uc900\\ud559\\uc810\\ubbf8\\uc774\\uc218\", \"description\": \"\\uc8fc\\uc804\\uacf5 \\uae30\\uc900\\ud559\\uc810 57\\ud559\\uc810 \\ubbf8\\uc774\\uc218\"}, {\"type\": \"\\uc878\\uc5c5\\uae30\\uc900\\ud559\\uc810\\ubbf8\\uc774\\uc218\", \"description\": \"\\uc878\\uc5c5\\uae30\\uc900\\ud559\\uc810 63\\ud559\\uc810 \\ubbf8\\uc774\\uc218\"}]','2022078070','윤시훈','소프트웨어학부','4학년',140,57,42,0,'[\"0914002\", \"0922063\", \"5118006\", \"5118007\", \"5118020\", \"5118021\", \"5118003\", \"5118013\", \"5118024\", \"5119004\", \"5118009\", \"5118008\", \"5118012\", \"5118022\", \"5118023\", \"5120002\", \"5120004\", \"5120017\", \"0109019\", \"0281017\"]');
/*!40000 ALTER TABLE `graduation_record` ENABLE KEYS */;
UNLOCK TABLES;

--
-- Table structure for table `graduation_requirement`
--

DROP TABLE IF EXISTS `graduation_requirement`;
/*!40101 SET @saved_cs_client     = @@character_set_client */;
/*!50503 SET character_set_client = utf8mb4 */;
CREATE TABLE `graduation_requirement` (
  `requirement_id` int NOT NULL AUTO_INCREMENT,
  `dept_id` int NOT NULL,
  `admission_year` int NOT NULL,
  `requirements_meta` text CHARACTER SET utf8mb4 COLLATE utf8mb4_unicode_ci NOT NULL,
  PRIMARY KEY (`requirement_id`),
  KEY `dept_id` (`dept_id`),
  CONSTRAINT `graduation_requirement_ibfk_1` FOREIGN KEY (`dept_id`) REFERENCES `department` (`dept_id`) ON DELETE CASCADE ON UPDATE CASCADE
) ENGINE=InnoDB DEFAULT CHARSET=utf8mb4 COLLATE=utf8mb4_unicode_ci;
/*!40101 SET character_set_client = @saved_cs_client */;

--
-- Dumping data for table `graduation_requirement`
--

LOCK TABLES `graduation_requirement` WRITE;
/*!40000 ALTER TABLE `graduation_requirement` DISABLE KEYS */;
/*!40000 ALTER TABLE `graduation_requirement` ENABLE KEYS */;
UNLOCK TABLES;

--
-- Table structure for table `semester`
--

DROP TABLE IF EXISTS `semester`;
/*!40101 SET @saved_cs_client     = @@character_set_client */;
/*!50503 SET character_set_client = utf8mb4 */;
CREATE TABLE `semester` (
  `semester_id` int NOT NULL AUTO_INCREMENT,
  `year` int NOT NULL,
  `term` varchar(20) CHARACTER SET utf8mb4 COLLATE utf8mb4_unicode_ci NOT NULL,
  `start_date` date NOT NULL,
  `end_date` date NOT NULL,
  `registration_start` date NOT NULL,
  `registration_end` date NOT NULL,
  PRIMARY KEY (`semester_id`)
) ENGINE=InnoDB AUTO_INCREMENT=45 DEFAULT CHARSET=utf8mb4 COLLATE=utf8mb4_unicode_ci;
/*!40101 SET character_set_client = @saved_cs_client */;

--
-- Dumping data for table `semester`
--

LOCK TABLES `semester` WRITE;
/*!40000 ALTER TABLE `semester` DISABLE KEYS */;
INSERT INTO `semester` VALUES (1,2020,'1학기','2020-03-02','2020-06-29','2020-02-17','2020-02-24'),(2,2020,'여름','2020-06-29','2020-07-17','2020-06-15','2020-06-22'),(3,2020,'2학기','2020-09-07','2020-12-14','2020-08-24','2020-08-31'),(4,2020,'겨울','2020-12-14','2021-01-15','2020-11-30','2020-12-07'),(5,2021,'1학기','2021-03-01','2021-06-28','2021-02-15','2021-02-22'),(6,2021,'여름','2021-06-28','2021-07-16','2021-06-14','2021-06-21'),(7,2021,'2학기','2021-09-06','2021-12-20','2021-08-23','2021-08-30'),(8,2021,'겨울','2021-12-20','2022-01-14','2021-12-06','2021-12-13'),(9,2022,'1학기','2022-03-07','2022-06-27','2022-02-21','2022-02-28'),(10,2022,'여름','2022-06-27','2022-07-15','2022-06-13','2022-06-20'),(11,2022,'2학기','2022-09-05','2022-12-19','2022-08-22','2022-08-29'),(12,2022,'겨울','2022-12-19','2023-01-13','2022-12-05','2022-12-12'),(13,2023,'1학기','2023-03-06','2023-06-26','2023-02-20','2023-02-27'),(14,2023,'여름','2023-06-26','2023-07-14','2023-06-12','2023-06-19'),(15,2023,'2학기','2023-09-04','2023-12-18','2023-08-21','2023-08-28'),(16,2023,'겨울','2023-12-18','2024-01-12','2023-12-04','2023-12-11'),(17,2024,'1학기','2024-03-04','2024-06-24','2024-02-19','2024-02-26'),(18,2024,'여름','2024-06-24','2024-07-12','2024-06-10','2024-06-17'),(19,2024,'2학기','2024-09-02','2024-12-16','2024-08-19','2024-08-26'),(20,2024,'겨울','2024-12-16','2025-01-17','2024-12-02','2024-12-09'),(21,2025,'1학기','2025-03-03','2025-06-30','2025-02-17','2025-02-24'),(22,2025,'여름','2025-06-30','2025-07-18','2025-06-16','2025-06-23'),(23,2025,'2학기','2025-09-01','2025-12-15','2025-08-18','2025-08-25'),(24,2025,'겨울','2025-12-15','2026-01-16','2025-12-01','2025-12-08'),(25,2026,'1학기','2026-03-02','2026-06-29','2026-02-16','2026-02-23'),(26,2026,'여름','2026-06-29','2026-07-17','2026-06-15','2026-06-22'),(27,2026,'2학기','2026-09-07','2026-12-21','2026-08-24','2026-08-31'),(28,2026,'겨울','2026-12-21','2027-01-15','2026-12-07','2026-12-14'),(29,2027,'1학기','2027-03-01','2027-06-28','2027-02-15','2027-02-22'),(30,2027,'여름','2027-06-28','2027-07-15','2027-06-14','2027-06-21'),(31,2027,'2학기','2027-09-06','2027-12-19','2027-08-23','2027-08-30'),(32,2027,'겨울','2027-12-19','2028-01-14','2027-12-05','2027-12-12'),(33,2028,'1학기','2028-03-06','2028-06-26','2028-02-21','2028-02-28'),(34,2028,'여름','2028-06-26','2028-07-14','2028-06-12','2028-06-19'),(35,2028,'2학기','2028-09-04','2028-12-18','2028-08-21','2028-08-28'),(36,2028,'겨울','2028-12-18','2029-01-12','2028-12-04','2028-12-11'),(37,2029,'1학기','2029-03-05','2029-06-25','2029-02-19','2029-02-26'),(38,2029,'여름','2029-06-25','2029-07-13','2029-06-11','2029-06-18'),(39,2029,'2학기','2029-09-03','2029-12-17','2029-08-20','2029-08-27'),(40,2029,'겨울','2029-12-17','2030-01-18','2029-12-03','2029-12-10'),(41,2030,'1학기','2030-03-04','2030-06-24','2030-02-18','2030-02-25'),(42,2030,'여름','2030-06-24','2030-07-12','2030-06-10','2030-06-17'),(43,2030,'2학기','2030-09-02','2030-12-16','2030-08-19','2030-08-26'),(44,2030,'겨울','2030-12-16','2031-01-17','2030-12-02','2030-12-09');
/*!40000 ALTER TABLE `semester` ENABLE KEYS */;
UNLOCK TABLES;

--
-- Table structure for table `student`
--

DROP TABLE IF EXISTS `student`;
/*!40101 SET @saved_cs_client     = @@character_set_client */;
/*!50503 SET character_set_client = utf8mb4 */;
CREATE TABLE `student` (
  `student_id` int NOT NULL AUTO_INCREMENT,
  `dept_id` int NOT NULL,
  `admission_year` int NOT NULL,
  `student_name` varchar(255) CHARACTER SET utf8mb4 COLLATE utf8mb4_unicode_ci NOT NULL,
  `email` varchar(255) CHARACTER SET utf8mb4 COLLATE utf8mb4_unicode_ci NOT NULL,
  PRIMARY KEY (`student_id`),
  KEY `dept_id` (`dept_id`),
  CONSTRAINT `student_ibfk_1` FOREIGN KEY (`dept_id`) REFERENCES `department` (`dept_id`) ON DELETE CASCADE ON UPDATE CASCADE
) ENGINE=InnoDB AUTO_INCREMENT=3 DEFAULT CHARSET=utf8mb4 COLLATE=utf8mb4_unicode_ci;
/*!40101 SET character_set_client = @saved_cs_client */;

--
-- Dumping data for table `student`
--

LOCK TABLES `student` WRITE;
/*!40000 ALTER TABLE `student` DISABLE KEYS */;
INSERT INTO `student` VALUES (1,1,2020,'홍길동','hong@example.com'),(2,2,2024,'윤시훈','ex@ex.com');
/*!40000 ALTER TABLE `student` ENABLE KEYS */;
UNLOCK TABLES;

--
-- Table structure for table `time_table`
--

DROP TABLE IF EXISTS `time_table`;
/*!40101 SET @saved_cs_client     = @@character_set_client */;
/*!50503 SET character_set_client = utf8mb4 */;
CREATE TABLE `time_table` (
  `timetable_id` int NOT NULL AUTO_INCREMENT,
  `student_id` int NOT NULL,
  `semester_id` int NOT NULL,
  `title` varchar(255) CHARACTER SET utf8mb4 COLLATE utf8mb4_unicode_ci NOT NULL,
  `created_at` datetime NOT NULL DEFAULT CURRENT_TIMESTAMP,
  PRIMARY KEY (`timetable_id`),
  KEY `student_id` (`student_id`),
  KEY `semester_id` (`semester_id`),
  CONSTRAINT `time_table_ibfk_1` FOREIGN KEY (`student_id`) REFERENCES `student` (`student_id`) ON DELETE CASCADE ON UPDATE CASCADE,
  CONSTRAINT `time_table_ibfk_2` FOREIGN KEY (`semester_id`) REFERENCES `semester` (`semester_id`) ON DELETE CASCADE ON UPDATE CASCADE
) ENGINE=InnoDB DEFAULT CHARSET=utf8mb4 COLLATE=utf8mb4_unicode_ci;
/*!40101 SET character_set_client = @saved_cs_client */;

--
-- Dumping data for table `time_table`
--

LOCK TABLES `time_table` WRITE;
/*!40000 ALTER TABLE `time_table` DISABLE KEYS */;
/*!40000 ALTER TABLE `time_table` ENABLE KEYS */;
UNLOCK TABLES;

--
-- Table structure for table `time_table_detail`
--

DROP TABLE IF EXISTS `time_table_detail`;
/*!40101 SET @saved_cs_client     = @@character_set_client */;
/*!50503 SET character_set_client = utf8mb4 */;
CREATE TABLE `time_table_detail` (
  `detail_id` int NOT NULL AUTO_INCREMENT,
  `timetable_id` int NOT NULL,
  `course_id` int NOT NULL,
  `schedule_info` varchar(255) CHARACTER SET utf8mb4 COLLATE utf8mb4_unicode_ci NOT NULL,
  `user_note` text CHARACTER SET utf8mb4 COLLATE utf8mb4_unicode_ci,
  `custom_color` varchar(50) CHARACTER SET utf8mb4 COLLATE utf8mb4_unicode_ci DEFAULT '#FFFFFF',
  PRIMARY KEY (`detail_id`),
  UNIQUE KEY `uq_timetable_course` (`timetable_id`,`course_id`),
  KEY `course_id` (`course_id`),
  CONSTRAINT `time_table_detail_ibfk_1` FOREIGN KEY (`timetable_id`) REFERENCES `time_table` (`timetable_id`) ON DELETE CASCADE ON UPDATE CASCADE,
  CONSTRAINT `time_table_detail_ibfk_2` FOREIGN KEY (`course_id`) REFERENCES `course` (`course_id`) ON DELETE CASCADE ON UPDATE CASCADE
) ENGINE=InnoDB DEFAULT CHARSET=utf8mb4 COLLATE=utf8mb4_unicode_ci;
/*!40101 SET character_set_client = @saved_cs_client */;

--
-- Dumping data for table `time_table_detail`
--

LOCK TABLES `time_table_detail` WRITE;
/*!40000 ALTER TABLE `time_table_detail` DISABLE KEYS */;
/*!40000 ALTER TABLE `time_table_detail` ENABLE KEYS */;
UNLOCK TABLES;

--
-- Table structure for table `transcript`
--

DROP TABLE IF EXISTS `transcript`;
/*!40101 SET @saved_cs_client     = @@character_set_client */;
/*!50503 SET character_set_client = utf8mb4 */;
CREATE TABLE `transcript` (
  `transcript_id` int NOT NULL AUTO_INCREMENT,
  `student_id` int NOT NULL,
  `course_id` int NOT NULL,
  `semester_id` int NOT NULL,
  `grade` char(2) CHARACTER SET utf8mb4 COLLATE utf8mb4_unicode_ci NOT NULL DEFAULT 'NA',
  `credit_taken` int NOT NULL DEFAULT '0',
  `retake_available` tinyint(1) NOT NULL DEFAULT '1',
  PRIMARY KEY (`transcript_id`),
  KEY `student_id` (`student_id`),
  KEY `course_id` (`course_id`),
  KEY `semester_id` (`semester_id`),
  CONSTRAINT `transcript_ibfk_1` FOREIGN KEY (`student_id`) REFERENCES `student` (`student_id`) ON DELETE CASCADE ON UPDATE CASCADE,
  CONSTRAINT `transcript_ibfk_2` FOREIGN KEY (`course_id`) REFERENCES `course` (`course_id`) ON DELETE CASCADE ON UPDATE CASCADE,
  CONSTRAINT `transcript_ibfk_3` FOREIGN KEY (`semester_id`) REFERENCES `semester` (`semester_id`) ON DELETE CASCADE ON UPDATE CASCADE
) ENGINE=InnoDB AUTO_INCREMENT=46 DEFAULT CHARSET=utf8mb4 COLLATE=utf8mb4_unicode_ci;
/*!40101 SET character_set_client = @saved_cs_client */;

--
-- Dumping data for table `transcript`
--

LOCK TABLES `transcript` WRITE;
/*!40000 ALTER TABLE `transcript` DISABLE KEYS */;
INSERT INTO `transcript` VALUES (1,1,10538,1,'A0',3,0),(2,1,10525,1,'B+',3,0),(3,1,10452,1,'B+',3,0),(4,1,10588,1,'A+',3,0),(5,1,11208,3,'B+',3,0),(6,1,11320,3,'A+',3,0),(7,1,10838,1,'A+',3,0),(8,1,11555,3,'A0',3,0),(9,1,11536,3,'B+',4,0),(10,1,12254,5,'A0',3,0),(11,1,11361,3,'B+',3,0),(12,1,12875,7,'B+',3,0),(13,1,17101,19,'C+',3,1),(14,1,13059,7,'P',2,0),(15,1,16547,17,'A+',2,0),(16,1,11033,1,'B+',3,0),(17,1,11726,3,'A0',3,0),(18,1,11729,3,'A+',2,0),(19,1,12461,5,'A+',3,0),(20,1,12468,5,'B0',3,0),(21,1,13168,7,'A0',3,0),(22,1,16755,17,'A+',3,0),(23,1,16758,17,'C+',3,1),(24,1,17504,19,'B+',2,0),(25,1,17509,19,'A0',3,0),(26,1,17513,19,'C+',3,1),(27,1,11035,1,'A0',2,0),(28,1,11037,1,'A+',1,0),(29,1,11731,3,'A+',1,0),(30,1,12464,5,'A0',3,0),(31,1,12466,5,'A+',3,0),(32,1,12471,5,'A+',1,0),(33,1,12472,5,'A0',2,0),(34,1,12474,5,'B+',2,0),(35,1,13164,7,'A0',3,0),(36,1,13166,7,'B+',3,0),(37,1,13170,7,'A+',3,0),(38,1,13172,7,'A+',2,0),(39,1,13174,7,'B+',1,0),(40,1,16761,17,'B+',3,0),(41,1,16766,17,'B+',3,0),(42,1,17506,19,'P',1,0),(43,1,17507,19,'D+',3,1),(44,1,17512,19,'B+',3,0),(45,1,17517,19,'A+',3,0);
/*!40000 ALTER TABLE `transcript` ENABLE KEYS */;
UNLOCK TABLES;
/*!40103 SET TIME_ZONE=@OLD_TIME_ZONE */;

/*!40101 SET SQL_MODE=@OLD_SQL_MODE */;
/*!40014 SET FOREIGN_KEY_CHECKS=@OLD_FOREIGN_KEY_CHECKS */;
/*!40014 SET UNIQUE_CHECKS=@OLD_UNIQUE_CHECKS */;
/*!40101 SET CHARACTER_SET_CLIENT=@OLD_CHARACTER_SET_CLIENT */;
/*!40101 SET CHARACTER_SET_RESULTS=@OLD_CHARACTER_SET_RESULTS */;
/*!40101 SET COLLATION_CONNECTION=@OLD_COLLATION_CONNECTION */;
/*!40111 SET SQL_NOTES=@OLD_SQL_NOTES */;

-- Dump completed on 2025-04-16 13:22:12
